time,day,month,year,precipitation
1293814800.0,1,1,2011,0.0
1293901200.0,2,1,2011,1.2
1293987600.0,3,1,2011,7.6
1294074000.0,4,1,2011,6.8
1294160400.0,5,1,2011,8.8
1294246800.0,6,1,2011,15.0
1294333200.0,7,1,2011,100.0
1294419600.0,8,1,2011,0.4
1294506000.0,9,1,2011,0.4
1294592400.0,10,1,2011,4.2
1294678800.0,11,1,2011,0.0
1294765200.0,12,1,2011,0.0
1294851600.0,13,1,2011,0.0
1294938000.0,14,1,2011,0.0
1295024400.0,15,1,2011,3.8
1295110800.0,16,1,2011,0.0
1295197200.0,17,1,2011,0.0
1295283600.0,18,1,2011,0.8
1295370000.0,19,1,2011,0.0
1295456400.0,20,1,2011,0.0
1295542800.0,21,1,2011,0.0
1295629200.0,22,1,2011,0.0
1295715600.0,23,1,2011,0.0
1295802000.0,24,1,2011,0.2
1295888400.0,25,1,2011,1.0
1295974800.0,26,1,2011,0.0
1296061200.0,27,1,2011,0.0
1296147600.0,28,1,2011,3.8
1296234000.0,29,1,2011,1.4
1296320400.0,30,1,2011,2.0
1296406800.0,31,1,2011,1.8
1296493200.0,1,2,2011,0.0
1296579600.0,2,2,2011,0.0
1296666000.0,3,2,2011,0.0
1296752400.0,4,2,2011,0.0
1296838800.0,5,2,2011,0.0
1296925200.0,6,2,2011,0.0
1297011600.0,7,2,2011,0.2
1297098000.0,8,2,2011,0.0
1297184400.0,9,2,2011,0.0
1297270800.0,10,2,2011,0.0
1297357200.0,11,2,2011,0.0
1297443600.0,12,2,2011,0.0
1297530000.0,13,2,2011,0.0
1297616400.0,14,2,2011,0.0
1297702800.0,15,2,2011,0.0
1297789200.0,16,2,2011,0.0
1297875600.0,17,2,2011,0.0
1297962000.0,18,2,2011,0.0
1298048400.0,19,2,2011,0.2
1298134800.0,20,2,2011,0.0
1298221200.0,21,2,2011,0.0
1298307600.0,22,2,2011,0.0
1298394000.0,23,2,2011,0.0
1298480400.0,24,2,2011,0.0
1298566800.0,25,2,2011,0.0
1298653200.0,26,2,2011,0.0
1298739600.0,27,2,2011,0.0
1298826000.0,28,2,2011,0.0
1298912400.0,1,3,2011,0.0
1298998800.0,2,3,2011,0.0
1299085200.0,3,3,2011,3.4
1299171600.0,4,3,2011,6.8
1299258000.0,5,3,2011,5.0
1299344400.0,6,3,2011,0.0
1299430800.0,7,3,2011,5.4
1299517200.0,8,3,2011,0.0
1299603600.0,9,3,2011,0.0
1299690000.0,10,3,2011,0.0
1299776400.0,11,3,2011,0.2
1299862800.0,12,3,2011,0.0
1299949200.0,13,3,2011,0.0
1300035600.0,14,3,2011,0.0
1300122000.0,15,3,2011,0.0
1300208400.0,16,3,2011,2.2
1300294800.0,17,3,2011,0.0
1300381200.0,18,3,2011,0.2
1300467600.0,19,3,2011,0.0
1300554000.0,20,3,2011,0.0
1300640400.0,21,3,2011,0.0
1300726800.0,22,3,2011,1.0
1300813200.0,23,3,2011,2.0
1300899600.0,24,3,2011,1.4
1300986000.0,25,3,2011,3.6
1301072400.0,26,3,2011,1.8
1301158800.0,27,3,2011,0.0
1301245200.0,28,3,2011,1.0
1301331600.0,29,3,2011,0.4
1301418000.0,30,3,2011,0.2
1301504400.0,31,3,2011,0.0
1301590800.0,1,4,2011,0.0
1301677200.0,2,4,2011,0.0
1301763600.0,3,4,2011,0.0
1301850000.0,4,4,2011,0.0
1301936400.0,5,4,2011,0.0
1302022800.0,6,4,2011,0.0
1302109200.0,7,4,2011,0.0
1302195600.0,8,4,2011,0.0
1302282000.0,9,4,2011,0.0
1302368400.0,10,4,2011,0.0
1302454800.0,11,4,2011,0.0
1302541200.0,12,4,2011,0.0
1302627600.0,13,4,2011,0.0
1302714000.0,14,4,2011,0.0
1302800400.0,15,4,2011,0.0
1302886800.0,16,4,2011,0.0
1302973200.0,17,4,2011,0.0
1303059600.0,18,4,2011,6.8
1303146000.0,19,4,2011,0.2
1303232400.0,20,4,2011,0.0
1303318800.0,21,4,2011,1.0
1303405200.0,22,4,2011,0.0
1303491600.0,23,4,2011,0.0
1303578000.0,24,4,2011,0.0
1303664400.0,25,4,2011,0.2
1303750800.0,26,4,2011,0.0
1303837200.0,27,4,2011,0.4
1303923600.0,28,4,2011,0.0
1304010000.0,29,4,2011,0.0
1304096400.0,30,4,2011,0.0
1304182800.0,1,5,2011,0.0
1304269200.0,2,5,2011,0.0
1304355600.0,3,5,2011,0.0
1304442000.0,4,5,2011,0.0
1304528400.0,5,5,2011,0.0
1304614800.0,6,5,2011,0.0
1304701200.0,7,5,2011,0.4
1304787600.0,8,5,2011,0.0
1304874000.0,9,5,2011,0.0
1304960400.0,10,5,2011,0.0
1305046800.0,11,5,2011,0.0
1305133200.0,12,5,2011,4.4
1305219600.0,13,5,2011,11.0
1305306000.0,14,5,2011,0.0
1305392400.0,15,5,2011,0.0
1305478800.0,16,5,2011,0.0
1305565200.0,17,5,2011,18.8
1305651600.0,18,5,2011,0.8
1305738000.0,19,5,2011,0.2
1305824400.0,20,5,2011,0.6
1305910800.0,21,5,2011,0.0
1305997200.0,22,5,2011,0.0
1306083600.0,23,5,2011,0.0
1306170000.0,24,5,2011,0.0
1306256400.0,25,5,2011,0.0
1306342800.0,26,5,2011,0.0
1306429200.0,27,5,2011,0.0
1306515600.0,28,5,2011,0.0
1306602000.0,29,5,2011,0.0
1306688400.0,30,5,2011,0.0
1306774800.0,31,5,2011,0.0
1306861200.0,1,6,2011,0.0
1306947600.0,2,6,2011,0.0
1307034000.0,3,6,2011,63.4
1307120400.0,4,6,2011,0.0
1307206800.0,5,6,2011,0.0
1307293200.0,6,6,2011,0.0
1307379600.0,7,6,2011,0.0
1307466000.0,8,6,2011,0.0
1307552400.0,9,6,2011,0.0
1307638800.0,10,6,2011,5.0
1307725200.0,11,6,2011,0.0
1307811600.0,12,6,2011,0.0
1307898000.0,13,6,2011,0.0
1307984400.0,14,6,2011,0.8
1308070800.0,15,6,2011,0.0
1308157200.0,16,6,2011,0.0
1308243600.0,17,6,2011,0.0
1308330000.0,18,6,2011,5.0
1308416400.0,19,6,2011,0.0
1308502800.0,20,6,2011,16.8
1308589200.0,21,6,2011,0.4
1308675600.0,22,6,2011,0.0
1308762000.0,23,6,2011,0.0
1308848400.0,24,6,2011,0.6
1308934800.0,25,6,2011,0.4
1309021200.0,26,6,2011,0.0
1309107600.0,27,6,2011,0.0
1309194000.0,28,6,2011,0.0
1309280400.0,29,6,2011,0.0
1309366800.0,30,6,2011,0.0
1309453200.0,1,7,2011,0.0
1309539600.0,2,7,2011,0.0
1309626000.0,3,7,2011,0.0
1309712400.0,4,7,2011,0.0
1309798800.0,5,7,2011,0.0
1309885200.0,6,7,2011,0.0
1309971600.0,7,7,2011,0.0
1310058000.0,8,7,2011,0.0
1310144400.0,9,7,2011,0.0
1310230800.0,10,7,2011,0.0
1310317200.0,11,7,2011,2.2
1310403600.0,12,7,2011,7.6
1310490000.0,13,7,2011,0.0
1310576400.0,14,7,2011,0.0
1310662800.0,15,7,2011,0.0
1310749200.0,16,7,2011,0.0
1310835600.0,17,7,2011,0.0
1310922000.0,18,7,2011,0.0
1311008400.0,19,7,2011,0.0
1311094800.0,20,7,2011,0.0
1311181200.0,21,7,2011,0.0
1311267600.0,22,7,2011,0.0
1311354000.0,23,7,2011,0.0
1311440400.0,24,7,2011,0.0
1311526800.0,25,7,2011,0.0
1311613200.0,26,7,2011,0.0
1311699600.0,27,7,2011,0.0
1311786000.0,28,7,2011,0.0
1311872400.0,29,7,2011,0.2
1311958800.0,30,7,2011,3.8
1312045200.0,31,7,2011,0.8
1312131600.0,1,8,2011,0.6
1312218000.0,2,8,2011,0.0
1312304400.0,3,8,2011,0.6
1312390800.0,4,8,2011,0.0
1312477200.0,5,8,2011,0.0
1312563600.0,6,8,2011,0.0
1312650000.0,7,8,2011,0.2
1312736400.0,8,8,2011,0.0
1312822800.0,9,8,2011,0.0
1312909200.0,10,8,2011,0.0
1312995600.0,11,8,2011,2.2
1313082000.0,12,8,2011,0.0
1313168400.0,13,8,2011,0.0
1313254800.0,14,8,2011,0.0
1313341200.0,15,8,2011,0.0
1313427600.0,16,8,2011,5.8
1313514000.0,17,8,2011,6.2
1313600400.0,18,8,2011,0.2
1313686800.0,19,8,2011,82.2
1313773200.0,20,8,2011,7.6
1313859600.0,21,8,2011,0.2
1313946000.0,22,8,2011,0.0
1314032400.0,23,8,2011,0.0
1314118800.0,24,8,2011,0.0
1314205200.0,25,8,2011,0.6
1314291600.0,26,8,2011,0.0
1314378000.0,27,8,2011,0.0
1314464400.0,28,8,2011,0.0
1314550800.0,29,8,2011,0.0
1314637200.0,30,8,2011,6.8
1314723600.0,31,8,2011,24.4
1314810000.0,1,9,2011,0.0
1314896400.0,2,9,2011,7.8
1314982800.0,3,9,2011,35.2
1315069200.0,4,9,2011,6.4
1315155600.0,5,9,2011,15.2
1315242000.0,6,9,2011,62.0
1315328400.0,7,9,2011,6.0
1315414800.0,8,9,2011,10.2
1315501200.0,9,9,2011,12.2
1315587600.0,10,9,2011,32.0
1315674000.0,11,9,2011,20.6
1315760400.0,12,9,2011,26.8
1315846800.0,13,9,2011,7.4
1315933200.0,14,9,2011,19.8
1316019600.0,15,9,2011,33.6
1316106000.0,16,9,2011,0.0
1316192400.0,17,9,2011,0.0
1316278800.0,18,9,2011,0.0
1316365200.0,19,9,2011,0.6
1316451600.0,20,9,2011,0.4
1316538000.0,21,9,2011,57.2
1316624400.0,22,9,2011,33.8
1316710800.0,23,9,2011,204.4
1316797200.0,24,9,2011,118.8
1316883600.0,25,9,2011,33.2
1316970000.0,26,9,2011,72.0
1317056400.0,27,9,2011,7.0
1317142800.0,28,9,2011,0.0
1317229200.0,29,9,2011,0.0
1317315600.0,30,9,2011,0.2
1317402000.0,1,10,2011,47.6
1317488400.0,2,10,2011,9.4
1317574800.0,3,10,2011,27.4
1317661200.0,4,10,2011,47.2
1317747600.0,5,10,2011,0.0
1317834000.0,6,10,2011,0.0
1317920400.0,7,10,2011,10.6
1318006800.0,8,10,2011,1.0
1318093200.0,9,10,2011,133.2
1318179600.0,10,10,2011,4.2
1318266000.0,11,10,2011,17.6
1318352400.0,12,10,2011,0.4
1318438800.0,13,10,2011,21.6
1318525200.0,14,10,2011,19.6
1318611600.0,15,10,2011,15.4
1318698000.0,16,10,2011,196.0
1318784400.0,17,10,2011,93.6
1318870800.0,18,10,2011,62.0
1318957200.0,19,10,2011,0.2
1319043600.0,20,10,2011,1.0
1319130000.0,21,10,2011,0.6
1319216400.0,22,10,2011,0.0
1319302800.0,23,10,2011,0.0
1319389200.0,24,10,2011,3.4
1319475600.0,25,10,2011,9.2
1319562000.0,26,10,2011,0.0
1319648400.0,27,10,2011,14.0
1319734800.0,28,10,2011,0.8
1319821200.0,29,10,2011,0.4
1319907600.0,30,10,2011,0.0
1319994000.0,31,10,2011,3.2
1320080400.0,1,11,2011,38.2
1320166800.0,2,11,2011,2.6
1320253200.0,3,11,2011,0.0
1320339600.0,4,11,2011,216.8
1320426000.0,5,11,2011,6.0
1320512400.0,6,11,2011,70.0
1320598800.0,7,11,2011,402.8
1320685200.0,8,11,2011,88.8
1320771600.0,9,11,2011,10.2
1320858000.0,10,11,2011,0.8
1320944400.0,11,11,2011,0.0
1321030800.0,12,11,2011,0.0
1321117200.0,13,11,2011,0.6
1321203600.0,14,11,2011,0.0
1321290000.0,15,11,2011,10.2
1321376400.0,16,11,2011,49.6
1321462800.0,17,11,2011,0.0
1321549200.0,18,11,2011,0.0
1321635600.0,19,11,2011,0.0
1321722000.0,20,11,2011,3.0
1321808400.0,21,11,2011,12.6
1321894800.0,22,11,2011,5.4
1321981200.0,23,11,2011,2.2
1322067600.0,24,11,2011,29.4
1322154000.0,25,11,2011,155.8
1322240400.0,26,11,2011,13.0
1322326800.0,27,11,2011,15.6
1322413200.0,28,11,2011,2.0
1322499600.0,29,11,2011,2.6
1322586000.0,30,11,2011,0.0
1322672400.0,1,12,2011,48.2
1322758800.0,2,12,2011,70.4
1322845200.0,3,12,2011,3.4
1322931600.0,4,12,2011,0.2
1323018000.0,5,12,2011,5.2
1323104400.0,6,12,2011,4.6
1323190800.0,7,12,2011,6.0
1323277200.0,8,12,2011,5.8
1323363600.0,9,12,2011,12.6
1323450000.0,10,12,2011,18.2
1323536400.0,11,12,2011,6.0
1323622800.0,12,12,2011,0.0
1323709200.0,13,12,2011,0.0
1323795600.0,14,12,2011,1.0
1323882000.0,15,12,2011,12.8
1323968400.0,16,12,2011,42.2
1324054800.0,17,12,2011,1.0
1324141200.0,18,12,2011,0.6
1324227600.0,19,12,2011,0.0
1324314000.0,20,12,2011,10.8
1324400400.0,21,12,2011,3.4
1324486800.0,22,12,2011,13.0
1324573200.0,23,12,2011,23.4
1324659600.0,24,12,2011,4.6
1324746000.0,25,12,2011,16.8
1324832400.0,26,12,2011,0.0
1324918800.0,27,12,2011,1.4
1325005200.0,28,12,2011,0.4
1325091600.0,29,12,2011,0.6
1325178000.0,30,12,2011,19.0
1325264400.0,31,12,2011,2.2
1325350800.0,1,1,2012,4.4
1325437200.0,2,1,2012,3.6
1325523600.0,3,1,2012,0.0
1325610000.0,4,1,2012,15.0
1325696400.0,5,1,2012,0.4
1325782800.0,6,1,2012,0.0
1325869200.0,7,1,2012,0.0
1325955600.0,8,1,2012,9.2
1326042000.0,9,1,2012,0.0
1326128400.0,10,1,2012,0.0
1326214800.0,11,1,2012,0.0
1326301200.0,12,1,2012,0.0
1326387600.0,13,1,2012,0.0
1326474000.0,14,1,2012,0.0
1326560400.0,15,1,2012,0.0
1326646800.0,16,1,2012,0.0
1326733200.0,17,1,2012,0.0
1326819600.0,18,1,2012,0.0
1326906000.0,19,1,2012,0.0
1326992400.0,20,1,2012,0.0
1327078800.0,21,1,2012,0.0
1327165200.0,22,1,2012,0.0
1327251600.0,23,1,2012,0.0
1327338000.0,24,1,2012,0.0
1327424400.0,25,1,2012,0.0
1327510800.0,26,1,2012,0.0
1327597200.0,27,1,2012,0.0
1327683600.0,28,1,2012,0.0
1327770000.0,29,1,2012,0.0
1327856400.0,30,1,2012,0.0
1327942800.0,31,1,2012,0.0
1328029200.0,1,2,2012,0.0
1328115600.0,2,2,2012,0.0
1328202000.0,3,2,2012,0.0
1328288400.0,4,2,2012,0.0
1328374800.0,5,2,2012,0.0
1328461200.0,6,2,2012,0.0
1328547600.0,7,2,2012,0.0
1328634000.0,8,2,2012,0.0
1328720400.0,9,2,2012,0.0
1328806800.0,10,2,2012,0.0
1328893200.0,11,2,2012,0.0
1328979600.0,12,2,2012,0.0
1329066000.0,13,2,2012,0.0
1329152400.0,14,2,2012,0.0
1329238800.0,15,2,2012,0.0
1329325200.0,16,2,2012,4.0
1329411600.0,17,2,2012,26.2
1329498000.0,18,2,2012,5.8
1329584400.0,19,2,2012,2.0
1329670800.0,20,2,2012,0.0
1329757200.0,21,2,2012,0.0
1329843600.0,22,2,2012,0.0
1329930000.0,23,2,2012,0.0
1330016400.0,24,2,2012,0.0
1330102800.0,25,2,2012,0.0
1330189200.0,26,2,2012,0.2
1330275600.0,27,2,2012,0.2
1330362000.0,28,2,2012,0.0
1330448400.0,29,2,2012,0.0
1330534800.0,1,3,2012,0.0
1330621200.0,2,3,2012,0.0
1330707600.0,3,3,2012,0.0
1330794000.0,4,3,2012,0.0
1330880400.0,5,3,2012,0.0
1330966800.0,6,3,2012,0.0
1331053200.0,7,3,2012,0.0
1331139600.0,8,3,2012,0.0
1331226000.0,9,3,2012,0.0
1331312400.0,10,3,2012,0.0
1331398800.0,11,3,2012,0.0
1331485200.0,12,3,2012,0.0
1331571600.0,13,3,2012,0.0
1331658000.0,14,3,2012,0.0
1331744400.0,15,3,2012,0.0
1331830800.0,16,3,2012,0.0
1331917200.0,17,3,2012,0.0
1332003600.0,18,3,2012,0.0
1332090000.0,19,3,2012,0.0
1332176400.0,20,3,2012,0.0
1332262800.0,21,3,2012,0.0
1332349200.0,22,3,2012,0.0
1332435600.0,23,3,2012,0.0
1332522000.0,24,3,2012,0.0
1332608400.0,25,3,2012,0.0
1332694800.0,26,3,2012,0.0
1332781200.0,27,3,2012,0.0
1332867600.0,28,3,2012,0.0
1332954000.0,29,3,2012,0.0
1333040400.0,30,3,2012,0.0
1333126800.0,31,3,2012,0.0
1333213200.0,1,4,2012,10.4
1333299600.0,2,4,2012,3.6
1333386000.0,3,4,2012,0.0
1333472400.0,4,4,2012,0.0
1333558800.0,5,4,2012,1.2
1333645200.0,6,4,2012,0.0
1333731600.0,7,4,2012,3.4
1333818000.0,8,4,2012,0.0
1333904400.0,9,4,2012,0.0
1333990800.0,10,4,2012,0.0
1334077200.0,11,4,2012,0.0
1334163600.0,12,4,2012,0.0
1334250000.0,13,4,2012,0.0
1334336400.0,14,4,2012,0.0
1334422800.0,15,4,2012,0.0
1334509200.0,16,4,2012,0.0
1334595600.0,17,4,2012,0.0
1334682000.0,18,4,2012,5.6
1334768400.0,19,4,2012,0.0
1334854800.0,20,4,2012,0.0
1334941200.0,21,4,2012,0.2
1335027600.0,22,4,2012,0.0
1335114000.0,23,4,2012,0.0
1335200400.0,24,4,2012,0.0
1335286800.0,25,4,2012,0.0
1335373200.0,26,4,2012,0.0
1335459600.0,27,4,2012,0.0
1335546000.0,28,4,2012,0.0
1335632400.0,29,4,2012,0.0
1335718800.0,30,4,2012,0.0
1335805200.0,1,5,2012,0.0
1335891600.0,2,5,2012,0.0
1335978000.0,3,5,2012,0.0
1336064400.0,4,5,2012,0.0
1336150800.0,5,5,2012,0.0
1336237200.0,6,5,2012,0.0
1336323600.0,7,5,2012,0.0
1336410000.0,8,5,2012,0.0
1336496400.0,9,5,2012,0.0
1336582800.0,10,5,2012,0.0
1336669200.0,11,5,2012,0.0
1336755600.0,12,5,2012,0.0
1336842000.0,13,5,2012,0.0
1336928400.0,14,5,2012,0.0
1337014800.0,15,5,2012,0.0
1337101200.0,16,5,2012,0.0
1337187600.0,17,5,2012,0.0
1337274000.0,18,5,2012,0.0
1337360400.0,19,5,2012,0.0
1337446800.0,20,5,2012,0.0
1337533200.0,21,5,2012,0.6
1337619600.0,22,5,2012,0.0
1337706000.0,23,5,2012,0.0
1337792400.0,24,5,2012,1.0
1337878800.0,25,5,2012,0.0
1337965200.0,26,5,2012,0.0
1338051600.0,27,5,2012,0.0
1338138000.0,28,5,2012,0.4
1338224400.0,29,5,2012,0.0
1338310800.0,30,5,2012,0.0
1338397200.0,31,5,2012,10.2
1338483600.0,1,6,2012,0.0
1338570000.0,2,6,2012,0.4
1338656400.0,3,6,2012,0.0
1338742800.0,4,6,2012,0.0
1338829200.0,5,6,2012,0.0
1338915600.0,6,6,2012,0.0
1339002000.0,7,6,2012,2.2
1339088400.0,8,6,2012,0.2
1339174800.0,9,6,2012,0.0
1339261200.0,10,6,2012,0.0
1339347600.0,11,6,2012,0.0
1339434000.0,12,6,2012,0.0
1339520400.0,13,6,2012,0.0
1339606800.0,14,6,2012,0.0
1339693200.0,15,6,2012,0.0
1339779600.0,16,6,2012,13.4
1339866000.0,17,6,2012,12.0
1339952400.0,18,6,2012,2.0
1340038800.0,19,6,2012,0.0
1340125200.0,20,6,2012,0.0
1340211600.0,21,6,2012,0.0
1340298000.0,22,6,2012,0.0
1340384400.0,23,6,2012,0.0
1340470800.0,24,6,2012,0.0
1340557200.0,25,6,2012,0.0
1340643600.0,26,6,2012,0.0
1340730000.0,27,6,2012,0.0
1340816400.0,28,6,2012,0.0
1340902800.0,29,6,2012,0.0
1340989200.0,30,6,2012,0.0
1341075600.0,1,7,2012,0.0
1341162000.0,2,7,2012,0.0
1341248400.0,3,7,2012,0.0
1341334800.0,4,7,2012,0.0
1341421200.0,5,7,2012,9.4
1341507600.0,6,7,2012,3.8
1341594000.0,7,7,2012,0.0
1341680400.0,8,7,2012,0.0
1341766800.0,9,7,2012,0.0
1341853200.0,10,7,2012,0.0
1341939600.0,11,7,2012,0.0
1342026000.0,12,7,2012,0.0
1342112400.0,13,7,2012,0.0
1342198800.0,14,7,2012,0.0
1342285200.0,15,7,2012,0.0
1342371600.0,16,7,2012,3.8
1342458000.0,17,7,2012,0.2
1342544400.0,18,7,2012,0.0
1342630800.0,19,7,2012,0.0
1342717200.0,20,7,2012,0.0
1342803600.0,21,7,2012,4.8
1342890000.0,22,7,2012,0.0
1342976400.0,23,7,2012,0.0
1343062800.0,24,7,2012,0.0
1343149200.0,25,7,2012,0.0
1343235600.0,26,7,2012,0.0
1343322000.0,27,7,2012,0.0
1343408400.0,28,7,2012,0.0
1343494800.0,29,7,2012,2.0
1343581200.0,30,7,2012,0.0
1343667600.0,31,7,2012,0.0
1343754000.0,1,8,2012,0.0
1343840400.0,2,8,2012,0.0
1343926800.0,3,8,2012,19.4
1344013200.0,4,8,2012,0.0
1344099600.0,5,8,2012,0.0
1344186000.0,6,8,2012,0.0
1344272400.0,7,8,2012,0.8
1344358800.0,8,8,2012,0.0
1344445200.0,9,8,2012,0.0
1344531600.0,10,8,2012,0.0
1344618000.0,11,8,2012,0.0
1344704400.0,12,8,2012,0.0
1344790800.0,13,8,2012,0.0
1344877200.0,14,8,2012,2.6
1344963600.0,15,8,2012,15.4
1345050000.0,16,8,2012,0.0
1345136400.0,17,8,2012,0.0
1345222800.0,18,8,2012,0.0
1345309200.0,19,8,2012,15.4
1345395600.0,20,8,2012,0.0
1345482000.0,21,8,2012,0.0
1345568400.0,22,8,2012,7.0
1345654800.0,23,8,2012,31.4
1345741200.0,24,8,2012,0.0
1345827600.0,25,8,2012,47.4
1345914000.0,26,8,2012,0.2
1346000400.0,27,8,2012,48.2
1346086800.0,28,8,2012,19.6
1346173200.0,29,8,2012,0.0
1346259600.0,30,8,2012,0.0
1346346000.0,31,8,2012,0.0
1346432400.0,1,9,2012,5.0
1346518800.0,2,9,2012,8.6
1346605200.0,3,9,2012,6.6
1346691600.0,4,9,2012,226.0
1346778000.0,5,9,2012,6.6
1346864400.0,6,9,2012,3.6
1346950800.0,7,9,2012,31.6
1347037200.0,8,9,2012,0.0
1347123600.0,9,9,2012,0.4
1347210000.0,10,9,2012,0.2
1347296400.0,11,9,2012,2.2
1347382800.0,12,9,2012,7.0
1347469200.0,13,9,2012,9.4
1347555600.0,14,9,2012,13.0
1347642000.0,15,9,2012,45.2
1347728400.0,16,9,2012,0.0
1347814800.0,17,9,2012,0.0
1347901200.0,18,9,2012,21.2
1347987600.0,19,9,2012,0.0
1348074000.0,20,9,2012,0.0
1348160400.0,21,9,2012,0.0
1348246800.0,22,9,2012,1.6
1348333200.0,23,9,2012,0.0
1348419600.0,24,9,2012,0.0
1348506000.0,25,9,2012,10.4
1348592400.0,26,9,2012,76.6
1348678800.0,27,9,2012,21.6
1348765200.0,28,9,2012,18.2
1348851600.0,29,9,2012,75.4
1348938000.0,30,9,2012,0.4
1349024400.0,1,10,2012,13.8
1349110800.0,2,10,2012,0.0
1349197200.0,3,10,2012,0.0
1349283600.0,4,10,2012,0.0
1349370000.0,5,10,2012,0.0
1349456400.0,6,10,2012,28.6
1349542800.0,7,10,2012,62.0
1349629200.0,8,10,2012,59.6
1349715600.0,9,10,2012,5.4
1349802000.0,10,10,2012,9.2
1349888400.0,11,10,2012,21.6
1349974800.0,12,10,2012,0.0
1350061200.0,13,10,2012,0.0
1350147600.0,14,10,2012,0.0
1350234000.0,15,10,2012,0.0
1350320400.0,16,10,2012,0.0
1350406800.0,17,10,2012,0.0
1350493200.0,18,10,2012,0.0
1350579600.0,19,10,2012,0.0
1350666000.0,20,10,2012,0.0
1350752400.0,21,10,2012,0.0
1350838800.0,22,10,2012,0.0
1350925200.0,23,10,2012,0.0
1351011600.0,24,10,2012,0.0
1351098000.0,25,10,2012,0.0
1351184400.0,26,10,2012,0.0
1351270800.0,27,10,2012,0.0
1351357200.0,28,10,2012,0.0
1351443600.0,29,10,2012,0.0
1351530000.0,30,10,2012,0.0
1351616400.0,31,10,2012,0.0
1351702800.0,1,11,2012,9.4
1351789200.0,2,11,2012,6.2
1351875600.0,3,11,2012,21.2
1351962000.0,4,11,2012,0.2
1352048400.0,5,11,2012,17.6
1352134800.0,6,11,2012,20.6
1352221200.0,7,11,2012,29.8
1352307600.0,8,11,2012,0.4
1352394000.0,9,11,2012,0.0
1352480400.0,10,11,2012,0.0
1352566800.0,11,11,2012,22.6
1352653200.0,12,11,2012,51.4
1352739600.0,13,11,2012,1.2
1352826000.0,14,11,2012,0.0
1352912400.0,15,11,2012,3.6
1352998800.0,16,11,2012,2.2
1353085200.0,17,11,2012,63.2
1353171600.0,18,11,2012,6.6
1353258000.0,19,11,2012,6.8
1353344400.0,20,11,2012,0.0
1353430800.0,21,11,2012,0.0
1353517200.0,22,11,2012,0.0
1353603600.0,23,11,2012,0.0
1353690000.0,24,11,2012,0.0
1353776400.0,25,11,2012,0.0
1353862800.0,26,11,2012,0.0
1353949200.0,27,11,2012,46.8
1354035600.0,28,11,2012,0.0
1354122000.0,29,11,2012,0.0
1354208400.0,30,11,2012,0.0
1354294800.0,1,12,2012,0.0
1354381200.0,2,12,2012,0.0
1354467600.0,3,12,2012,0.0
1354554000.0,4,12,2012,0.0
1354640400.0,5,12,2012,0.4
1354726800.0,6,12,2012,0.6
1354813200.0,7,12,2012,0.0
1354899600.0,8,12,2012,0.8
1354986000.0,9,12,2012,0.8
1355072400.0,10,12,2012,0.0
1355158800.0,11,12,2012,0.0
1355245200.0,12,12,2012,9.0
1355331600.0,13,12,2012,14.4
1355418000.0,14,12,2012,4.4
1355504400.0,15,12,2012,0.2
1355590800.0,16,12,2012,0.0
1355677200.0,17,12,2012,0.0
1355763600.0,18,12,2012,0.0
1355850000.0,19,12,2012,4.2
1355936400.0,20,12,2012,1.0
1356022800.0,21,12,2012,0.8
1356109200.0,22,12,2012,0.4
1356195600.0,23,12,2012,3.6
1356282000.0,24,12,2012,0.4
1356368400.0,25,12,2012,1.0
1356454800.0,26,12,2012,0.6
1356541200.0,27,12,2012,1.6
1356627600.0,28,12,2012,0.0
1356714000.0,29,12,2012,2.0
1356800400.0,30,12,2012,22.6
1356886800.0,31,12,2012,0.0
1356973200.0,1,1,2013,0.0
1357059600.0,2,1,2013,0.0
1357146000.0,3,1,2013,1.2
1357232400.0,4,1,2013,0.2
1357318800.0,5,1,2013,0.4
1357405200.0,6,1,2013,4.6
1357491600.0,7,1,2013,1.8
1357578000.0,8,1,2013,0.4
1357664400.0,9,1,2013,0.6
1357750800.0,10,1,2013,0.4
1357837200.0,11,1,2013,2.6
1357923600.0,12,1,2013,0.0
1358010000.0,13,1,2013,0.0
1358096400.0,14,1,2013,0.0
1358182800.0,15,1,2013,0.0
1358269200.0,16,1,2013,0.2
1358355600.0,17,1,2013,0.2
1358442000.0,18,1,2013,0.2
1358528400.0,19,1,2013,4.6
1358614800.0,20,1,2013,0.6
1358701200.0,21,1,2013,0.0
1358787600.0,22,1,2013,0.0
1358874000.0,23,1,2013,0.0
1358960400.0,24,1,2013,0.0
1359046800.0,25,1,2013,3.6
1359133200.0,26,1,2013,0.0
1359219600.0,27,1,2013,0.2
1359306000.0,28,1,2013,0.0
1359392400.0,29,1,2013,1.4
1359478800.0,30,1,2013,0.0
1359565200.0,31,1,2013,0.2
1359651600.0,1,2,2013,0.0
1359738000.0,2,2,2013,0.0
1359824400.0,3,2,2013,0.0
1359910800.0,4,2,2013,0.0
1359997200.0,5,2,2013,0.0
1360083600.0,6,2,2013,0.0
1360170000.0,7,2,2013,0.0
1360256400.0,8,2,2013,0.0
1360342800.0,9,2,2013,0.0
1360429200.0,10,2,2013,2.0
1360515600.0,11,2,2013,0.0
1360602000.0,12,2,2013,0.0
1360688400.0,13,2,2013,2.8
1360774800.0,14,2,2013,0.0
1360861200.0,15,2,2013,0.0
1360947600.0,16,2,2013,0.6
1361034000.0,17,2,2013,0.0
1361120400.0,18,2,2013,0.0
1361206800.0,19,2,2013,0.0
1361293200.0,20,2,2013,0.0
1361379600.0,21,2,2013,0.0
1361466000.0,22,2,2013,0.0
1361552400.0,23,2,2013,15.2
1361638800.0,24,2,2013,26.2
1361725200.0,25,2,2013,0.0
1361811600.0,26,2,2013,0.0
1361898000.0,27,2,2013,0.0
1361984400.0,28,2,2013,0.0
1362070800.0,1,3,2013,0.0
1362157200.0,2,3,2013,0.0
1362243600.0,3,3,2013,27.0
1362330000.0,4,3,2013,8.8
1362416400.0,5,3,2013,0.0
1362502800.0,6,3,2013,0.0
1362589200.0,7,3,2013,0.0
1362675600.0,8,3,2013,0.2
1362762000.0,9,3,2013,0.0
1362848400.0,10,3,2013,0.0
1362934800.0,11,3,2013,0.0
1363021200.0,12,3,2013,0.0
1363107600.0,13,3,2013,0.0
1363194000.0,14,3,2013,8.4
1363280400.0,15,3,2013,0.0
1363366800.0,16,3,2013,0.0
1363453200.0,17,3,2013,0.0
1363539600.0,18,3,2013,0.0
1363626000.0,19,3,2013,0.0
1363712400.0,20,3,2013,0.0
1363798800.0,21,3,2013,0.0
1363885200.0,22,3,2013,0.0
1363971600.0,23,3,2013,0.0
1364058000.0,24,3,2013,0.0
1364144400.0,25,3,2013,0.0
1364230800.0,26,3,2013,0.0
1364317200.0,27,3,2013,0.0
1364403600.0,28,3,2013,0.0
1364490000.0,29,3,2013,0.0
1364576400.0,30,3,2013,0.0
1364662800.0,31,3,2013,0.0
1364749200.0,1,4,2013,0.0
1364835600.0,2,4,2013,0.0
1364922000.0,3,4,2013,0.0
1365008400.0,4,4,2013,0.0
1365094800.0,5,4,2013,0.0
1365181200.0,6,4,2013,0.0
1365267600.0,7,4,2013,0.0
1365354000.0,8,4,2013,0.0
1365440400.0,9,4,2013,0.0
1365526800.0,10,4,2013,0.4
1365613200.0,11,4,2013,0.0
1365699600.0,12,4,2013,4.8
1365786000.0,13,4,2013,0.0
1365872400.0,14,4,2013,0.0
1365958800.0,15,4,2013,0.0
1366045200.0,16,4,2013,4.2
1366131600.0,17,4,2013,0.4
1366218000.0,18,4,2013,0.2
1366304400.0,19,4,2013,0.0
1366390800.0,20,4,2013,0.0
1366477200.0,21,4,2013,0.0
1366563600.0,22,4,2013,0.0
1366650000.0,23,4,2013,0.0
1366736400.0,24,4,2013,0.0
1366822800.0,25,4,2013,0.0
1366909200.0,26,4,2013,0.0
1366995600.0,27,4,2013,0.0
1367082000.0,28,4,2013,0.0
1367168400.0,29,4,2013,0.0
1367254800.0,30,4,2013,0.0
1367341200.0,1,5,2013,0.0
1367427600.0,2,5,2013,0.0
1367514000.0,3,5,2013,0.0
1367600400.0,4,5,2013,0.0
1367686800.0,5,5,2013,0.0
1367773200.0,6,5,2013,0.0
1367859600.0,7,5,2013,0.0
1367946000.0,8,5,2013,0.0
1368032400.0,9,5,2013,0.0
1368118800.0,10,5,2013,0.0
1368205200.0,11,5,2013,0.0
1368291600.0,12,5,2013,0.0
1368378000.0,13,5,2013,0.0
1368464400.0,14,5,2013,0.0
1368550800.0,15,5,2013,0.0
1368637200.0,16,5,2013,0.0
1368723600.0,17,5,2013,0.0
1368810000.0,18,5,2013,0.0
1368896400.0,19,5,2013,0.0
1368982800.0,20,5,2013,0.0
1369069200.0,21,5,2013,0.0
1369155600.0,22,5,2013,0.0
1369242000.0,23,5,2013,0.0
1369328400.0,24,5,2013,0.0
1369414800.0,25,5,2013,0.0
1369501200.0,26,5,2013,0.0
1369587600.0,27,5,2013,0.0
1369674000.0,28,5,2013,0.0
1369760400.0,29,5,2013,0.0
1369846800.0,30,5,2013,0.0
1369933200.0,31,5,2013,0.0
1370019600.0,1,6,2013,0.0
1370106000.0,2,6,2013,0.0
1370192400.0,3,6,2013,0.0
1370278800.0,4,6,2013,0.0
1370365200.0,5,6,2013,0.0
1370451600.0,6,6,2013,0.0
1370538000.0,7,6,2013,0.0
1370624400.0,8,6,2013,0.0
1370710800.0,9,6,2013,0.0
1370797200.0,10,6,2013,0.0
1370883600.0,11,6,2013,0.0
1370970000.0,12,6,2013,0.0
1371056400.0,13,6,2013,0.0
1371142800.0,14,6,2013,0.0
1371229200.0,15,6,2013,0.0
1371315600.0,16,6,2013,0.0
1371402000.0,17,6,2013,0.0
1371488400.0,18,6,2013,0.0
1371574800.0,19,6,2013,0.0
1371661200.0,20,6,2013,0.0
1371747600.0,21,6,2013,0.0
1371834000.0,22,6,2013,0.0
1371920400.0,23,6,2013,0.0
1372006800.0,24,6,2013,0.0
1372093200.0,25,6,2013,0.0
1372179600.0,26,6,2013,0.0
1372266000.0,27,6,2013,0.0
1372352400.0,28,6,2013,0.0
1372438800.0,29,6,2013,0.0
1372525200.0,30,6,2013,0.0
1372611600.0,1,7,2013,0.0
1372698000.0,2,7,2013,0.0
1372784400.0,3,7,2013,0.0
1372870800.0,4,7,2013,0.0
1372957200.0,5,7,2013,0.0
1373043600.0,6,7,2013,0.0
1373130000.0,7,7,2013,0.0
1373216400.0,8,7,2013,0.0
1373302800.0,9,7,2013,0.0
1373389200.0,10,7,2013,0.0
1373475600.0,11,7,2013,0.0
1373562000.0,12,7,2013,0.0
1373648400.0,13,7,2013,0.0
1373734800.0,14,7,2013,0.0
1373821200.0,15,7,2013,0.0
1373907600.0,16,7,2013,0.0
1373994000.0,17,7,2013,0.0
1374080400.0,18,7,2013,0.0
1374166800.0,19,7,2013,0.0
1374253200.0,20,7,2013,0.0
1374339600.0,21,7,2013,0.0
1374426000.0,22,7,2013,0.0
1374512400.0,23,7,2013,0.0
1374598800.0,24,7,2013,0.0
1374685200.0,25,7,2013,0.0
1374771600.0,26,7,2013,0.0
1374858000.0,27,7,2013,0.0
1374944400.0,28,7,2013,0.0
1375030800.0,29,7,2013,0.0
1375117200.0,30,7,2013,0.0
1375203600.0,31,7,2013,0.0
1375290000.0,1,8,2013,0.0
1375376400.0,2,8,2013,13.6
1375462800.0,3,8,2013,0.2
1375549200.0,4,8,2013,0.0
1375635600.0,5,8,2013,0.0
1375722000.0,6,8,2013,4.4
1375808400.0,7,8,2013,1.0
1375894800.0,8,8,2013,0.0
1375981200.0,9,8,2013,0.0
1376067600.0,10,8,2013,0.0
1376154000.0,11,8,2013,0.0
1376240400.0,12,8,2013,22.0
1376326800.0,13,8,2013,0.0
1376413200.0,14,8,2013,0.0
1376499600.0,15,8,2013,0.0
1376586000.0,16,8,2013,0.0
1376672400.0,17,8,2013,0.0
1376758800.0,18,8,2013,0.0
1376845200.0,19,8,2013,0.0
1376931600.0,20,8,2013,0.0
1377018000.0,21,8,2013,0.0
1377104400.0,22,8,2013,1.0
1377190800.0,23,8,2013,0.0
1377277200.0,24,8,2013,0.0
1377363600.0,25,8,2013,0.2
1377450000.0,26,8,2013,33.0
1377536400.0,27,8,2013,0.0
1377622800.0,28,8,2013,0.0
1377709200.0,29,8,2013,7.0
1377795600.0,30,8,2013,0.0
1377882000.0,31,8,2013,0.0
1377968400.0,1,9,2013,40.8
1378054800.0,2,9,2013,0.0
1378141200.0,3,9,2013,0.0
1378227600.0,4,9,2013,0.0
1378314000.0,5,9,2013,0.0
1378400400.0,6,9,2013,18.4
1378486800.0,7,9,2013,21.6
1378573200.0,8,9,2013,1.6
1378659600.0,9,9,2013,12.2
1378746000.0,10,9,2013,10.2
1378832400.0,11,9,2013,16.4
1378918800.0,12,9,2013,15.6
1379005200.0,13,9,2013,1.6
1379091600.0,14,9,2013,0.0
1379178000.0,15,9,2013,0.2
1379264400.0,16,9,2013,0.0
1379350800.0,17,9,2013,51.6
1379437200.0,18,9,2013,330.2
1379523600.0,19,9,2013,1.6
1379610000.0,20,9,2013,108.8
1379696400.0,21,9,2013,0.0
1379782800.0,22,9,2013,12.0
1379869200.0,23,9,2013,0.0
1379955600.0,24,9,2013,0.0
1380042000.0,25,9,2013,0.2
1380128400.0,26,9,2013,6.2
1380214800.0,27,9,2013,27.8
1380301200.0,28,9,2013,11.6
1380387600.0,29,9,2013,1.0
1380474000.0,30,9,2013,54.6
1380560400.0,1,10,2013,7.4
1380646800.0,2,10,2013,44.8
1380733200.0,3,10,2013,0.0
1380819600.0,4,10,2013,0.0
1380906000.0,5,10,2013,0.0
1380992400.0,6,10,2013,0.0
1381078800.0,7,10,2013,0.0
1381165200.0,8,10,2013,0.0
1381251600.0,9,10,2013,0.0
1381338000.0,10,10,2013,0.0
1381424400.0,11,10,2013,12.4
1381510800.0,12,10,2013,2.6
1381597200.0,13,10,2013,0.0
1381683600.0,14,10,2013,70.6
1381770000.0,15,10,2013,133.2
1381856400.0,16,10,2013,0.8
1381942800.0,17,10,2013,17.6
1382029200.0,18,10,2013,14.2
1382115600.0,19,10,2013,3.0
1382202000.0,20,10,2013,8.6
1382288400.0,21,10,2013,0.0
1382374800.0,22,10,2013,1.8
1382461200.0,23,10,2013,0.4
1382547600.0,24,10,2013,3.2
1382634000.0,25,10,2013,3.2
1382720400.0,26,10,2013,3.4
1382806800.0,27,10,2013,14.0
1382893200.0,28,10,2013,0.0
1382979600.0,29,10,2013,2.8
1383066000.0,30,10,2013,4.4
1383152400.0,31,10,2013,0.0
1383238800.0,1,11,2013,1.0
1383325200.0,2,11,2013,0.0
1383411600.0,3,11,2013,0.4
1383498000.0,4,11,2013,6.8
1383584400.0,5,11,2013,57.6
1383670800.0,6,11,2013,6.2
1383757200.0,7,11,2013,1.4
1383843600.0,8,11,2013,1.2
1383930000.0,9,11,2013,9.6
1384016400.0,10,11,2013,62.6
1384102800.0,11,11,2013,0.2
1384189200.0,12,11,2013,0.0
1384275600.0,13,11,2013,0.4
1384362000.0,14,11,2013,30.2
1384448400.0,15,11,2013,118.6
1384534800.0,16,11,2013,308.0
1384621200.0,17,11,2013,5.6
1384707600.0,18,11,2013,0.0
1384794000.0,19,11,2013,0.8
1384880400.0,20,11,2013,7.2
1384966800.0,21,11,2013,11.8
1385053200.0,22,11,2013,0.6
1385139600.0,23,11,2013,37.8
1385226000.0,24,11,2013,3.6
1385312400.0,25,11,2013,11.4
1385398800.0,26,11,2013,0.0
1385485200.0,27,11,2013,0.6
1385571600.0,28,11,2013,35.8
1385658000.0,29,11,2013,21.4
1385744400.0,30,11,2013,0.0
1385830800.0,1,12,2013,2.6
1385917200.0,2,12,2013,0.2
1386003600.0,3,12,2013,0.0
1386090000.0,4,12,2013,13.2
1386176400.0,5,12,2013,0.2
1386262800.0,6,12,2013,0.4
1386349200.0,7,12,2013,1.2
1386435600.0,8,12,2013,0.0
1386522000.0,9,12,2013,0.0
1386608400.0,10,12,2013,0.0
1386694800.0,11,12,2013,0.0
1386781200.0,12,12,2013,7.6
1386867600.0,13,12,2013,1.0
1386954000.0,14,12,2013,0.0
1387040400.0,15,12,2013,0.0
1387126800.0,16,12,2013,0.0
1387213200.0,17,12,2013,0.0
1387299600.0,18,12,2013,0.0
1387386000.0,19,12,2013,0.0
1387472400.0,20,12,2013,0.0
1387558800.0,21,12,2013,0.0
1387645200.0,22,12,2013,0.0
1387731600.0,23,12,2013,0.0
1387818000.0,24,12,2013,0.0
1387904400.0,25,12,2013,0.0
1387990800.0,26,12,2013,0.0
1388077200.0,27,12,2013,0.0
1388163600.0,28,12,2013,0.0
1388250000.0,29,12,2013,0.0
1388336400.0,30,12,2013,0.0
1388422800.0,31,12,2013,0.0
1388509200.0,1,1,2014,1.2
1388595600.0,2,1,2014,0.0
1388682000.0,3,1,2014,0.0
1388768400.0,4,1,2014,0.0
1388854800.0,5,1,2014,0.0
1388941200.0,6,1,2014,0.0
1389027600.0,7,1,2014,0.2
1389114000.0,8,1,2014,0.0
1389200400.0,9,1,2014,0.0
1389286800.0,10,1,2014,7.8
1389373200.0,11,1,2014,0.0
1389459600.0,12,1,2014,8.8
1389546000.0,13,1,2014,50.8
1389632400.0,14,1,2014,6.0
1389718800.0,15,1,2014,0.0
1389805200.0,16,1,2014,0.0
1389891600.0,17,1,2014,0.8
1389978000.0,18,1,2014,3.0
1390064400.0,19,1,2014,0.4
1390150800.0,20,1,2014,4.6
1390237200.0,21,1,2014,0.2
1390323600.0,22,1,2014,0.4
1390410000.0,23,1,2014,0.0
1390496400.0,24,1,2014,0.0
1390582800.0,25,1,2014,0.0
1390669200.0,26,1,2014,0.0
1390755600.0,27,1,2014,0.8
1390842000.0,28,1,2014,0.4
1390928400.0,29,1,2014,0.2
1391014800.0,30,1,2014,0.0
1391101200.0,31,1,2014,0.0
1391187600.0,1,2,2014,0.0
1391274000.0,2,2,2014,0.0
1391360400.0,3,2,2014,0.2
1391446800.0,4,2,2014,0.0
1391533200.0,5,2,2014,0.0
1391619600.0,6,2,2014,0.0
1391706000.0,7,2,2014,0.0
1391792400.0,8,2,2014,0.0
1391878800.0,9,2,2014,0.0
1391965200.0,10,2,2014,0.0
1392051600.0,11,2,2014,0.0
1392138000.0,12,2,2014,0.0
1392224400.0,13,2,2014,0.0
1392310800.0,14,2,2014,0.0
1392397200.0,15,2,2014,0.0
1392483600.0,16,2,2014,0.0
1392570000.0,17,2,2014,0.0
1392656400.0,18,2,2014,0.0
1392742800.0,19,2,2014,0.0
1392829200.0,20,2,2014,0.0
1392915600.0,21,2,2014,0.0
1393002000.0,22,2,2014,0.0
1393088400.0,23,2,2014,0.0
1393174800.0,24,2,2014,0.0
1393261200.0,25,2,2014,0.0
1393347600.0,26,2,2014,0.0
1393434000.0,27,2,2014,0.0
1393520400.0,28,2,2014,0.0
1393606800.0,1,3,2014,7.6
1393693200.0,2,3,2014,0.0
1393779600.0,3,3,2014,0.0
1393866000.0,4,3,2014,0.0
1393952400.0,5,3,2014,0.0
1394038800.0,6,3,2014,0.0
1394125200.0,7,3,2014,0.0
1394211600.0,8,3,2014,0.0
1394298000.0,9,3,2014,0.0
1394384400.0,10,3,2014,0.0
1394470800.0,11,3,2014,0.0
1394557200.0,12,3,2014,0.0
1394643600.0,13,3,2014,0.0
1394730000.0,14,3,2014,2.4
1394816400.0,15,3,2014,0.4
1394902800.0,16,3,2014,0.0
1394989200.0,17,3,2014,0.0
1395075600.0,18,3,2014,0.0
1395162000.0,19,3,2014,0.0
1395248400.0,20,3,2014,0.0
1395334800.0,21,3,2014,2.0
1395421200.0,22,3,2014,0.0
1395507600.0,23,3,2014,0.0
1395594000.0,24,3,2014,0.0
1395680400.0,25,3,2014,0.0
1395766800.0,26,3,2014,0.0
1395853200.0,27,3,2014,0.0
1395939600.0,28,3,2014,0.0
1396026000.0,29,3,2014,0.0
1396112400.0,30,3,2014,0.0
1396198800.0,31,3,2014,0.0
1396285200.0,1,4,2014,6.4
1396371600.0,2,4,2014,0.0
1396458000.0,3,4,2014,0.0
1396544400.0,4,4,2014,46.0
1396630800.0,5,4,2014,0.0
1396717200.0,6,4,2014,0.0
1396803600.0,7,4,2014,1.0
1396890000.0,8,4,2014,14.8
1396976400.0,9,4,2014,0.0
1397062800.0,10,4,2014,0.0
1397149200.0,11,4,2014,0.0
1397235600.0,12,4,2014,0.0
1397322000.0,13,4,2014,0.0
1397408400.0,14,4,2014,0.0
1397494800.0,15,4,2014,39.0
1397581200.0,16,4,2014,0.0
1397667600.0,17,4,2014,0.0
1397754000.0,18,4,2014,0.0
1397840400.0,19,4,2014,0.0
1397926800.0,20,4,2014,0.0
1398013200.0,21,4,2014,0.0
1398099600.0,22,4,2014,0.0
1398186000.0,23,4,2014,0.0
1398272400.0,24,4,2014,0.0
1398358800.0,25,4,2014,0.0
1398445200.0,26,4,2014,0.0
1398531600.0,27,4,2014,0.0
1398618000.0,28,4,2014,0.0
1398704400.0,29,4,2014,0.0
1398790800.0,30,4,2014,1.6
1398877200.0,1,5,2014,9.0
1398963600.0,2,5,2014,0.0
1399050000.0,3,5,2014,0.0
1399136400.0,4,5,2014,1.4
1399222800.0,5,5,2014,0.2
1399309200.0,6,5,2014,0.4
1399395600.0,7,5,2014,2.8
1399482000.0,8,5,2014,0.0
1399568400.0,9,5,2014,0.0
1399654800.0,10,5,2014,0.0
1399741200.0,11,5,2014,0.0
1399827600.0,12,5,2014,0.0
1399914000.0,13,5,2014,0.0
1400000400.0,14,5,2014,0.6
1400086800.0,15,5,2014,0.0
1400173200.0,16,5,2014,0.0
1400259600.0,17,5,2014,0.0
1400346000.0,18,5,2014,0.0
1400432400.0,19,5,2014,0.0
1400518800.0,20,5,2014,0.0
1400605200.0,21,5,2014,0.0
1400691600.0,22,5,2014,0.0
1400778000.0,23,5,2014,0.4
1400864400.0,24,5,2014,0.0
1400950800.0,25,5,2014,0.0
1401037200.0,26,5,2014,0.0
1401123600.0,27,5,2014,0.0
1401210000.0,28,5,2014,0.0
1401296400.0,29,5,2014,0.0
1401382800.0,30,5,2014,0.0
1401469200.0,31,5,2014,0.0
1401555600.0,1,6,2014,1.6
1401642000.0,2,6,2014,0.0
1401728400.0,3,6,2014,0.0
1401814800.0,4,6,2014,0.0
1401901200.0,5,6,2014,0.0
1401987600.0,6,6,2014,0.0
1402074000.0,7,6,2014,0.0
1402160400.0,8,6,2014,0.0
1402246800.0,9,6,2014,0.0
1402333200.0,10,6,2014,0.0
1402419600.0,11,6,2014,0.0
1402506000.0,12,6,2014,0.0
1402592400.0,13,6,2014,0.2
1402678800.0,14,6,2014,0.0
1402765200.0,15,6,2014,0.0
1402851600.0,16,6,2014,0.0
1402938000.0,17,6,2014,0.0
1403024400.0,18,6,2014,0.0
1403110800.0,19,6,2014,0.0
1403197200.0,20,6,2014,0.0
1403283600.0,21,6,2014,0.0
1403370000.0,22,6,2014,0.0
1403456400.0,23,6,2014,3.6
1403542800.0,24,6,2014,0.6
1403629200.0,25,6,2014,4.6
1403715600.0,26,6,2014,0.0
1403802000.0,27,6,2014,0.0
1403888400.0,28,6,2014,0.0
1403974800.0,29,6,2014,75.0
1404061200.0,30,6,2014,0.0
1404147600.0,1,7,2014,4.4
1404234000.0,2,7,2014,0.0
1404320400.0,3,7,2014,1.6
1404406800.0,4,7,2014,0.0
1404493200.0,5,7,2014,0.0
1404579600.0,6,7,2014,24.0
1404666000.0,7,7,2014,9.4
1404752400.0,8,7,2014,4.4
1404838800.0,9,7,2014,13.0
1404925200.0,10,7,2014,4.4
1405011600.0,11,7,2014,3.8
1405098000.0,12,7,2014,0.0
1405184400.0,13,7,2014,0.0
1405270800.0,14,7,2014,0.0
1405357200.0,15,7,2014,0.0
1405443600.0,16,7,2014,0.2
1405530000.0,17,7,2014,12.8
1405616400.0,18,7,2014,15.8
1405702800.0,19,7,2014,1.8
1405789200.0,20,7,2014,0.0
1405875600.0,21,7,2014,0.2
1405962000.0,22,7,2014,0.0
1406048400.0,23,7,2014,0.0
1406134800.0,24,7,2014,0.0
1406221200.0,25,7,2014,0.0
1406307600.0,26,7,2014,2.8
1406394000.0,27,7,2014,2.8
1406480400.0,28,7,2014,25.6
1406566800.0,29,7,2014,49.4
1406653200.0,30,7,2014,15.8
1406739600.0,31,7,2014,0.0
1406826000.0,1,8,2014,57.8
1406912400.0,2,8,2014,109.2
1406998800.0,3,8,2014,0.0
1407085200.0,4,8,2014,0.0
1407171600.0,5,8,2014,0.0
1407258000.0,6,8,2014,0.0
1407344400.0,7,8,2014,0.0
1407430800.0,8,8,2014,0.0
1407517200.0,9,8,2014,0.0
1407603600.0,10,8,2014,0.0
1407690000.0,11,8,2014,0.0
1407776400.0,12,8,2014,0.0
1407862800.0,13,8,2014,0.0
1407949200.0,14,8,2014,0.0
1408035600.0,15,8,2014,0.0
1408122000.0,16,8,2014,0.0
1408208400.0,17,8,2014,0.0
1408294800.0,18,8,2014,0.0
1408381200.0,19,8,2014,0.0
1408467600.0,20,8,2014,4.0
1408554000.0,21,8,2014,1.4
1408640400.0,22,8,2014,0.0
1408726800.0,23,8,2014,0.0
1408813200.0,24,8,2014,0.0
1408899600.0,25,8,2014,1.4
1408986000.0,26,8,2014,1.2
1409072400.0,27,8,2014,0.0
1409158800.0,28,8,2014,0.2
1409245200.0,29,8,2014,0.2
1409331600.0,30,8,2014,7.4
1409418000.0,31,8,2014,18.8
1409504400.0,1,9,2014,11.0
1409590800.0,2,9,2014,0.0
1409677200.0,3,9,2014,0.0
1409763600.0,4,9,2014,0.0
1409850000.0,5,9,2014,0.0
1409936400.0,6,9,2014,0.0
1410022800.0,7,9,2014,0.0
1410109200.0,8,9,2014,0.0
1410195600.0,9,9,2014,0.0
1410282000.0,10,9,2014,0.0
1410368400.0,11,9,2014,0.0
1410454800.0,12,9,2014,0.0
1410541200.0,13,9,2014,0.0
1410627600.0,14,9,2014,0.0
1410714000.0,15,9,2014,0.0
1410800400.0,16,9,2014,0.0
1410886800.0,17,9,2014,0.0
1410973200.0,18,9,2014,0.0
1411059600.0,19,9,2014,0.0
1411146000.0,20,9,2014,0.0
1411232400.0,21,9,2014,0.0
1411318800.0,22,9,2014,0.0
1411405200.0,23,9,2014,0.0
1411491600.0,24,9,2014,0.0
1411578000.0,25,9,2014,0.0
1411664400.0,26,9,2014,0.0
1411750800.0,27,9,2014,0.0
1411837200.0,28,9,2014,0.0
1411923600.0,29,9,2014,0.0
1412010000.0,30,9,2014,0.0
1412096400.0,1,10,2014,0.0
1412182800.0,2,10,2014,0.0
1412269200.0,3,10,2014,0.0
1412355600.0,4,10,2014,1.4
1412442000.0,5,10,2014,73.4
1412528400.0,6,10,2014,23.0
1412614800.0,7,10,2014,15.8
1412701200.0,8,10,2014,0.0
1412787600.0,9,10,2014,0.0
1412874000.0,10,10,2014,0.0
1412960400.0,11,10,2014,0.0
1413046800.0,12,10,2014,5.6
1413133200.0,13,10,2014,17.2
1413219600.0,14,10,2014,1.6
1413306000.0,15,10,2014,3.8
1413392400.0,16,10,2014,7.6
1413478800.0,17,10,2014,19.0
1413565200.0,18,10,2014,18.6
1413651600.0,19,10,2014,0.0
1413738000.0,20,10,2014,28.8
1413824400.0,21,10,2014,0.0
1413910800.0,22,10,2014,117.4
1413997200.0,23,10,2014,62.4
1414083600.0,24,10,2014,94.0
1414170000.0,25,10,2014,219.2
1414256400.0,26,10,2014,24.4
1414342800.0,27,10,2014,2.8
1414429200.0,28,10,2014,20.2
1414515600.0,29,10,2014,0.0
1414602000.0,30,10,2014,18.8
1414688400.0,31,10,2014,62.8
1414774800.0,1,11,2014,4.4
1414861200.0,2,11,2014,0.0
1414947600.0,3,11,2014,54.2
1415034000.0,4,11,2014,43.8
1415120400.0,5,11,2014,24.2
1415206800.0,6,11,2014,2.4
1415293200.0,7,11,2014,0.0
1415379600.0,8,11,2014,0.0
1415466000.0,9,11,2014,0.4
1415552400.0,10,11,2014,5.4
1415638800.0,11,11,2014,19.0
1415725200.0,12,11,2014,19.4
1415811600.0,13,11,2014,44.4
1415898000.0,14,11,2014,11.4
1415984400.0,15,11,2014,18.4
1416070800.0,16,11,2014,1.4
1416157200.0,17,11,2014,0.0
1416243600.0,18,11,2014,0.0
1416330000.0,19,11,2014,0.0
1416416400.0,20,11,2014,0.4
1416502800.0,21,11,2014,0.0
1416589200.0,22,11,2014,2.6
1416675600.0,23,11,2014,2.4
1416762000.0,24,11,2014,0.0
1416848400.0,25,11,2014,3.6
1416934800.0,26,11,2014,5.0
1417021200.0,27,11,2014,0.0
1417107600.0,28,11,2014,5.4
1417194000.0,29,11,2014,0.0
1417280400.0,30,11,2014,31.8
1417366800.0,1,12,2014,81.8
1417453200.0,2,12,2014,44.4
1417539600.0,3,12,2014,18.0
1417626000.0,4,12,2014,0.6
1417712400.0,5,12,2014,8.2
1417798800.0,6,12,2014,0.4
1417885200.0,7,12,2014,7.0
1417971600.0,8,12,2014,91.6
1418058000.0,9,12,2014,1.2
1418144400.0,10,12,2014,0.0
1418230800.0,11,12,2014,13.8
1418317200.0,12,12,2014,37.2
1418403600.0,13,12,2014,18.0
1418490000.0,14,12,2014,0.8
1418576400.0,15,12,2014,0.0
1418662800.0,16,12,2014,3.2
1418749200.0,17,12,2014,19.0
1418835600.0,18,12,2014,0.2
1418922000.0,19,12,2014,0.0
1419008400.0,20,12,2014,0.0
1419094800.0,21,12,2014,26.6
1419181200.0,22,12,2014,20.6
1419267600.0,23,12,2014,0.0
1419354000.0,24,12,2014,0.2
1419440400.0,25,12,2014,7.0
1419526800.0,26,12,2014,3.6
1419613200.0,27,12,2014,2.4
1419699600.0,28,12,2014,23.0
1419786000.0,29,12,2014,0.6
1419872400.0,30,12,2014,0.0
1419958800.0,31,12,2014,0.0
1420045200.0,1,1,2015,3.6
1420131600.0,2,1,2015,3.2
1420218000.0,3,1,2015,0.4
1420304400.0,4,1,2015,0.0
1420390800.0,5,1,2015,0.0
1420477200.0,6,1,2015,0.0
1420563600.0,7,1,2015,1.4
1420650000.0,8,1,2015,0.6
1420736400.0,9,1,2015,0.0
1420822800.0,10,1,2015,4.2
1420909200.0,11,1,2015,0.4
1420995600.0,12,1,2015,0.0
1421082000.0,13,1,2015,0.0
1421168400.0,14,1,2015,0.0
1421254800.0,15,1,2015,0.0
1421341200.0,16,1,2015,0.0
1421427600.0,17,1,2015,4.4
1421514000.0,18,1,2015,11.2
1421600400.0,19,1,2015,0.0
1421686800.0,20,1,2015,0.0
1421773200.0,21,1,2015,0.0
1421859600.0,22,1,2015,0.0
1421946000.0,23,1,2015,0.0
1422032400.0,24,1,2015,0.0
1422118800.0,25,1,2015,0.0
1422205200.0,26,1,2015,0.0
1422291600.0,27,1,2015,0.0
1422378000.0,28,1,2015,0.0
1422464400.0,29,1,2015,0.0
1422550800.0,30,1,2015,0.0
1422637200.0,31,1,2015,0.0
1422723600.0,1,2,2015,0.0
1422810000.0,2,2,2015,0.0
1422896400.0,3,2,2015,0.0
1422982800.0,4,2,2015,0.0
1423069200.0,5,2,2015,0.0
1423155600.0,6,2,2015,0.0
1423242000.0,7,2,2015,0.0
1423328400.0,8,2,2015,0.0
1423414800.0,9,2,2015,0.0
1423501200.0,10,2,2015,0.0
1423587600.0,11,2,2015,0.0
1423674000.0,12,2,2015,0.0
1423760400.0,13,2,2015,0.0
1423846800.0,14,2,2015,5.0
1423933200.0,15,2,2015,0.0
1424019600.0,16,2,2015,0.0
1424106000.0,17,2,2015,0.0
1424192400.0,18,2,2015,0.0
1424278800.0,19,2,2015,0.0
1424365200.0,20,2,2015,0.0
1424451600.0,21,2,2015,0.0
1424538000.0,22,2,2015,0.0
1424624400.0,23,2,2015,0.0
1424710800.0,24,2,2015,0.0
1424797200.0,25,2,2015,0.0
1424883600.0,26,2,2015,0.0
1424970000.0,27,2,2015,0.0
1425056400.0,28,2,2015,0.0
1425142800.0,1,3,2015,0.4
1425229200.0,2,3,2015,0.0
1425315600.0,3,3,2015,0.0
1425402000.0,4,3,2015,0.0
1425488400.0,5,3,2015,0.0
1425574800.0,6,3,2015,0.0
1425661200.0,7,3,2015,0.0
1425747600.0,8,3,2015,0.0
1425834000.0,9,3,2015,0.0
1425920400.0,10,3,2015,0.0
1426006800.0,11,3,2015,39.2
1426093200.0,12,3,2015,0.0
1426179600.0,13,3,2015,0.0
1426266000.0,14,3,2015,0.0
1426352400.0,15,3,2015,0.0
1426438800.0,16,3,2015,0.0
1426525200.0,17,3,2015,0.0
1426611600.0,18,3,2015,0.0
1426698000.0,19,3,2015,0.0
1426784400.0,20,3,2015,0.0
1426870800.0,21,3,2015,0.0
1426957200.0,22,3,2015,0.0
1427043600.0,23,3,2015,0.6
1427130000.0,24,3,2015,14.4
1427216400.0,25,3,2015,0.0
1427302800.0,26,3,2015,16.8
1427389200.0,27,3,2015,132.0
1427475600.0,28,3,2015,0.0
1427562000.0,29,3,2015,0.0
1427648400.0,30,3,2015,0.0
1427734800.0,31,3,2015,0.0
1427821200.0,1,4,2015,6.4
1427907600.0,2,4,2015,0.0
1427994000.0,3,4,2015,0.0
1428080400.0,4,4,2015,0.0
1428166800.0,5,4,2015,0.0
1428253200.0,6,4,2015,0.0
1428339600.0,7,4,2015,0.0
1428426000.0,8,4,2015,0.0
1428512400.0,9,4,2015,3.6
1428598800.0,10,4,2015,0.2
1428685200.0,11,4,2015,0.0
1428771600.0,12,4,2015,62.0
1428858000.0,13,4,2015,0.0
1428944400.0,14,4,2015,0.0
1429030800.0,15,4,2015,0.0
1429117200.0,16,4,2015,0.0
1429203600.0,17,4,2015,0.0
1429290000.0,18,4,2015,0.0
1429376400.0,19,4,2015,0.0
1429462800.0,20,4,2015,0.0
1429549200.0,21,4,2015,7.2
1429635600.0,22,4,2015,11.6
1429722000.0,23,4,2015,0.2
1429808400.0,24,4,2015,13.0
1429894800.0,25,4,2015,1.2
1429981200.0,26,4,2015,0.0
1430067600.0,27,4,2015,0.0
1430154000.0,28,4,2015,0.0
1430240400.0,29,4,2015,0.0
1430326800.0,30,4,2015,0.0
1430413200.0,1,5,2015,0.4
1430499600.0,2,5,2015,0.0
1430586000.0,3,5,2015,0.0
1430672400.0,4,5,2015,0.0
1430758800.0,5,5,2015,0.0
1430845200.0,6,5,2015,0.0
1430931600.0,7,5,2015,0.0
1431018000.0,8,5,2015,0.0
1431104400.0,9,5,2015,0.0
1431190800.0,10,5,2015,0.0
1431277200.0,11,5,2015,0.0
1431363600.0,12,5,2015,0.0
1431450000.0,13,5,2015,0.0
1431536400.0,14,5,2015,0.0
1431622800.0,15,5,2015,0.0
1431709200.0,16,5,2015,0.0
1431795600.0,17,5,2015,12.6
1431882000.0,18,5,2015,14.0
1431968400.0,19,5,2015,0.2
1432054800.0,20,5,2015,60.6
1432141200.0,21,5,2015,0.0
1432227600.0,22,5,2015,0.2
1432314000.0,23,5,2015,0.0
1432400400.0,24,5,2015,0.0
1432486800.0,25,5,2015,0.0
1432573200.0,26,5,2015,0.0
1432659600.0,27,5,2015,0.0
1432746000.0,28,5,2015,0.0
1432832400.0,29,5,2015,0.0
1432918800.0,30,5,2015,9.8
1433005200.0,31,5,2015,0.0
1433091600.0,1,6,2015,0.0
1433178000.0,2,6,2015,0.0
1433264400.0,3,6,2015,0.0
1433350800.0,4,6,2015,0.0
1433437200.0,5,6,2015,0.0
1433523600.0,6,6,2015,0.0
1433610000.0,7,6,2015,0.0
1433696400.0,8,6,2015,0.0
1433782800.0,9,6,2015,0.0
1433869200.0,10,6,2015,0.0
1433955600.0,11,6,2015,0.0
1434042000.0,12,6,2015,0.0
1434128400.0,13,6,2015,0.0
1434214800.0,14,6,2015,0.0
1434301200.0,15,6,2015,0.0
1434387600.0,16,6,2015,0.0
1434474000.0,17,6,2015,0.0
1434560400.0,18,6,2015,0.0
1434646800.0,19,6,2015,0.0
1434733200.0,20,6,2015,0.0
1434819600.0,21,6,2015,19.6
1434906000.0,22,6,2015,1.4
1434992400.0,23,6,2015,6.2
1435078800.0,24,6,2015,0.0
1435165200.0,25,6,2015,0.0
1435251600.0,26,6,2015,0.0
1435338000.0,27,6,2015,0.0
1435424400.0,28,6,2015,0.0
1435510800.0,29,6,2015,0.0
1435597200.0,30,6,2015,0.0
1435683600.0,1,7,2015,0.0
1435770000.0,2,7,2015,0.0
1435856400.0,3,7,2015,0.0
1435942800.0,4,7,2015,0.0
1436029200.0,5,7,2015,0.0
1436115600.0,6,7,2015,11.0
1436202000.0,7,7,2015,6.2
1436288400.0,8,7,2015,0.0
1436374800.0,9,7,2015,0.0
1436461200.0,10,7,2015,0.0
1436547600.0,11,7,2015,0.0
1436634000.0,12,7,2015,0.0
1436720400.0,13,7,2015,0.0
1436806800.0,14,7,2015,0.0
1436893200.0,15,7,2015,0.0
1436979600.0,16,7,2015,0.0
1437066000.0,17,7,2015,0.0
1437152400.0,18,7,2015,0.0
1437238800.0,19,7,2015,0.0
1437325200.0,20,7,2015,0.0
1437411600.0,21,7,2015,0.0
1437498000.0,22,7,2015,0.0
1437584400.0,23,7,2015,0.0
1437670800.0,24,7,2015,0.0
1437757200.0,25,7,2015,0.0
1437843600.0,26,7,2015,0.0
1437930000.0,27,7,2015,0.0
1438016400.0,28,7,2015,0.0
1438102800.0,29,7,2015,0.0
1438189200.0,30,7,2015,0.0
1438275600.0,31,7,2015,0.0
1438362000.0,1,8,2015,0.0
1438448400.0,2,8,2015,0.0
1438534800.0,3,8,2015,0.0
1438621200.0,4,8,2015,0.0
1438707600.0,5,8,2015,0.0
1438794000.0,6,8,2015,0.0
1438880400.0,7,8,2015,0.0
1438966800.0,8,8,2015,0.0
1439053200.0,9,8,2015,0.0
1439139600.0,10,8,2015,0.0
1439226000.0,11,8,2015,0.0
1439312400.0,12,8,2015,0.0
1439398800.0,13,8,2015,0.0
1439485200.0,14,8,2015,0.0
1439571600.0,15,8,2015,0.0
1439658000.0,16,8,2015,0.0
1439744400.0,17,8,2015,0.0
1439830800.0,18,8,2015,0.0
1439917200.0,19,8,2015,0.0
1440003600.0,20,8,2015,0.0
1440090000.0,21,8,2015,0.0
1440176400.0,22,8,2015,39.8
1440262800.0,23,8,2015,16.2
1440349200.0,24,8,2015,1.8
1440435600.0,25,8,2015,46.0
1440522000.0,26,8,2015,1.2
1440608400.0,27,8,2015,21.2
1440694800.0,28,8,2015,1.6
1440781200.0,29,8,2015,24.2
1440867600.0,30,8,2015,0.0
1440954000.0,31,8,2015,0.0
1441040400.0,1,9,2015,0.4
1441126800.0,2,9,2015,0.0
1441213200.0,3,9,2015,11.0
1441299600.0,4,9,2015,0.0
1441386000.0,5,9,2015,0.0
1441472400.0,6,9,2015,0.0
1441558800.0,7,9,2015,0.0
1441645200.0,8,9,2015,0.0
1441731600.0,9,9,2015,0.4
1441818000.0,10,9,2015,35.4
1441904400.0,11,9,2015,2.0
1441990800.0,12,9,2015,7.2
1442077200.0,13,9,2015,24.4
1442163600.0,14,9,2015,237.8
1442250000.0,15,9,2015,91.0
1442336400.0,16,9,2015,23.4
1442422800.0,17,9,2015,4.6
1442509200.0,18,9,2015,3.2
1442595600.0,19,9,2015,0.2
1442682000.0,20,9,2015,0.0
1442768400.0,21,9,2015,0.0
1442854800.0,22,9,2015,0.0
1442941200.0,23,9,2015,0.0
1443027600.0,24,9,2015,0.0
1443114000.0,25,9,2015,0.0
1443200400.0,26,9,2015,0.0
1443286800.0,27,9,2015,0.0
1443373200.0,28,9,2015,0.0
1443459600.0,29,9,2015,0.0
1443546000.0,30,9,2015,3.8
1443632400.0,1,10,2015,9.2
1443718800.0,2,10,2015,1.4
1443805200.0,3,10,2015,1.8
1443891600.0,4,10,2015,0.8
1443978000.0,5,10,2015,46.4
1444064400.0,6,10,2015,10.2
1444150800.0,7,10,2015,0.8
1444237200.0,8,10,2015,0.0
1444323600.0,9,10,2015,0.4
1444410000.0,10,10,2015,82.8
1444496400.0,11,10,2015,25.0
1444582800.0,12,10,2015,102.2
1444669200.0,13,10,2015,2.0
1444755600.0,14,10,2015,13.8
1444842000.0,15,10,2015,79.8
1444928400.0,16,10,2015,0.0
1445014800.0,17,10,2015,0.0
1445101200.0,18,10,2015,0.0
1445187600.0,19,10,2015,0.0
1445274000.0,20,10,2015,0.0
1445360400.0,21,10,2015,0.0
1445446800.0,22,10,2015,0.0
1445533200.0,23,10,2015,0.0
1445619600.0,24,10,2015,0.0
1445706000.0,25,10,2015,0.0
1445792400.0,26,10,2015,0.0
1445878800.0,27,10,2015,0.0
1445965200.0,28,10,2015,0.0
1446051600.0,29,10,2015,0.0
1446138000.0,30,10,2015,1.8
1446224400.0,31,10,2015,14.0
1446310800.0,1,11,2015,41.6
1446397200.0,2,11,2015,2.2
1446483600.0,3,11,2015,0.0
1446570000.0,4,11,2015,77.6
1446656400.0,5,11,2015,124.6
1446742800.0,6,11,2015,11.6
1446829200.0,7,11,2015,1.0
1446915600.0,8,11,2015,2.2
1447002000.0,9,11,2015,26.0
1447088400.0,10,11,2015,0.2
1447174800.0,11,11,2015,7.0
1447261200.0,12,11,2015,9.2
1447347600.0,13,11,2015,0.0
1447434000.0,14,11,2015,2.4
1447520400.0,15,11,2015,0.0
1447606800.0,16,11,2015,0.0
1447693200.0,17,11,2015,0.0
1447779600.0,18,11,2015,6.0
1447866000.0,19,11,2015,3.4
1447952400.0,20,11,2015,1.4
1448038800.0,21,11,2015,1.6
1448125200.0,22,11,2015,0.0
1448211600.0,23,11,2015,0.6
1448298000.0,24,11,2015,0.0
1448384400.0,25,11,2015,1.2
1448470800.0,26,11,2015,0.2
1448557200.0,27,11,2015,4.0
1448643600.0,28,11,2015,7.0
1448730000.0,29,11,2015,6.6
1448816400.0,30,11,2015,0.0
1448902800.0,1,12,2015,9.8
1448989200.0,2,12,2015,0.0
1449075600.0,3,12,2015,0.0
1449162000.0,4,12,2015,3.0
1449248400.0,5,12,2015,1.6
1449334800.0,6,12,2015,17.8
1449421200.0,7,12,2015,7.6
1449507600.0,8,12,2015,3.4
1449594000.0,9,12,2015,0.0
1449680400.0,10,12,2015,0.0
1449766800.0,11,12,2015,0.0
1449853200.0,12,12,2015,0.0
1449939600.0,13,12,2015,0.0
1450026000.0,14,12,2015,0.0
1450112400.0,15,12,2015,12.0
1450198800.0,16,12,2015,69.0
1450285200.0,17,12,2015,41.6
1450371600.0,18,12,2015,0.8
1450458000.0,19,12,2015,0.8
1450544400.0,20,12,2015,3.4
1450630800.0,21,12,2015,4.8
1450717200.0,22,12,2015,4.4
1450803600.0,23,12,2015,0.0
1450890000.0,24,12,2015,0.0
1450976400.0,25,12,2015,0.2
1451062800.0,26,12,2015,0.0
1451149200.0,27,12,2015,0.0
1451235600.0,28,12,2015,0.0
1451322000.0,29,12,2015,9.8
1451408400.0,30,12,2015,1.2
1451494800.0,31,12,2015,10.2
1451581200.0,1,1,2016,3.2
1451667600.0,2,1,2016,0.4
1451754000.0,3,1,2016,3.6
1451840400.0,4,1,2016,0.0
1451926800.0,5,1,2016,0.0
1452013200.0,6,1,2016,0.0
1452099600.0,7,1,2016,6.6
1452186000.0,8,1,2016,0.2
1452272400.0,9,1,2016,31.4
1452358800.0,10,1,2016,0.0
1452445200.0,11,1,2016,3.8
1452531600.0,12,1,2016,0.0
1452618000.0,13,1,2016,10.8
1452704400.0,14,1,2016,0.0
1452790800.0,15,1,2016,0.0
1452877200.0,16,1,2016,14.0
1452963600.0,17,1,2016,0.8
1453050000.0,18,1,2016,2.8
1453136400.0,19,1,2016,0.0
1453222800.0,20,1,2016,0.0
1453309200.0,21,1,2016,0.0
1453395600.0,22,1,2016,0.0
1453482000.0,23,1,2016,0.8
1453568400.0,24,1,2016,3.8
1453654800.0,25,1,2016,1.2
1453741200.0,26,1,2016,0.0
1453827600.0,27,1,2016,0.0
1453914000.0,28,1,2016,0.2
1454000400.0,29,1,2016,0.0
1454086800.0,30,1,2016,0.0
1454173200.0,31,1,2016,0.0
1454259600.0,1,2,2016,0.0
1454346000.0,2,2,2016,0.0
1454432400.0,3,2,2016,0.0
1454518800.0,4,2,2016,1.4
1454605200.0,5,2,2016,0.2
1454691600.0,6,2,2016,0.6
1454778000.0,7,2,2016,0.8
1454864400.0,8,2,2016,0.0
1454950800.0,9,2,2016,0.2
1455037200.0,10,2,2016,0.0
1455123600.0,11,2,2016,0.0
1455210000.0,12,2,2016,0.0
1455296400.0,13,2,2016,0.0
1455382800.0,14,2,2016,0.0
1455469200.0,15,2,2016,0.0
1455555600.0,16,2,2016,0.0
1455642000.0,17,2,2016,0.0
1455728400.0,18,2,2016,0.0
1455814800.0,19,2,2016,0.0
1455901200.0,20,2,2016,1.2
1455987600.0,21,2,2016,0.0
1456074000.0,22,2,2016,0.0
1456160400.0,23,2,2016,0.0
1456246800.0,24,2,2016,1.8
1456333200.0,25,2,2016,0.2
1456419600.0,26,2,2016,1.6
1456506000.0,27,2,2016,0.0
1456592400.0,28,2,2016,0.0
1456678800.0,29,2,2016,0.4
1456765200.0,1,3,2016,2.4
1456851600.0,2,3,2016,7.8
1456938000.0,3,3,2016,7.6
1457024400.0,4,3,2016,0.0
1457110800.0,5,3,2016,0.0
1457197200.0,6,3,2016,0.0
1457283600.0,7,3,2016,0.0
1457370000.0,8,3,2016,0.0
1457456400.0,9,3,2016,0.0
1457542800.0,10,3,2016,0.0
1457629200.0,11,3,2016,0.0
1457715600.0,12,3,2016,0.0
1457802000.0,13,3,2016,0.0
1457888400.0,14,3,2016,0.0
1457974800.0,15,3,2016,0.0
1458061200.0,16,3,2016,0.0
1458147600.0,17,3,2016,0.0
1458234000.0,18,3,2016,0.0
1458320400.0,19,3,2016,0.0
1458406800.0,20,3,2016,0.0
1458493200.0,21,3,2016,0.0
1458579600.0,22,3,2016,0.0
1458666000.0,23,3,2016,0.0
1458752400.0,24,3,2016,0.0
1458838800.0,25,3,2016,0.0
1458925200.0,26,3,2016,0.0
1459011600.0,27,3,2016,0.2
1459098000.0,28,3,2016,0.2
1459184400.0,29,3,2016,0.0
1459270800.0,30,3,2016,0.0
1459357200.0,31,3,2016,0.0
1459443600.0,1,4,2016,6.2
1459530000.0,2,4,2016,0.0
1459616400.0,3,4,2016,0.0
1459702800.0,4,4,2016,0.0
1459789200.0,5,4,2016,0.0
1459875600.0,6,4,2016,0.0
1459962000.0,7,4,2016,0.0
1460048400.0,8,4,2016,0.0
1460134800.0,9,4,2016,0.0
1460221200.0,10,4,2016,0.0
1460307600.0,11,4,2016,0.0
1460394000.0,12,4,2016,0.0
1460480400.0,13,4,2016,0.0
1460566800.0,14,4,2016,0.0
1460653200.0,15,4,2016,0.0
1460739600.0,16,4,2016,0.0
1460826000.0,17,4,2016,0.0
1460912400.0,18,4,2016,0.0
1460998800.0,19,4,2016,0.0
1461085200.0,20,4,2016,0.0
1461171600.0,21,4,2016,0.0
1461258000.0,22,4,2016,0.0
1461344400.0,23,4,2016,0.2
1461430800.0,24,4,2016,0.0
1461517200.0,25,4,2016,0.0
1461603600.0,26,4,2016,0.0
1461690000.0,27,4,2016,0.0
1461776400.0,28,4,2016,0.0
1461862800.0,29,4,2016,0.0
1461949200.0,30,4,2016,0.0
1462035600.0,1,5,2016,14.4
1462122000.0,2,5,2016,0.8
1462208400.0,3,5,2016,0.4
1462294800.0,4,5,2016,0.8
1462381200.0,5,5,2016,0.0
1462467600.0,6,5,2016,0.0
1462554000.0,7,5,2016,0.0
1462640400.0,8,5,2016,0.0
1462726800.0,9,5,2016,0.0
1462813200.0,10,5,2016,0.0
1462899600.0,11,5,2016,0.0
1462986000.0,12,5,2016,0.0
1463072400.0,13,5,2016,0.0
1463158800.0,14,5,2016,0.0
1463245200.0,15,5,2016,0.0
1463331600.0,16,5,2016,0.0
1463418000.0,17,5,2016,0.0
1463504400.0,18,5,2016,0.0
1463590800.0,19,5,2016,0.0
1463677200.0,20,5,2016,0.0
1463763600.0,21,5,2016,0.0
1463850000.0,22,5,2016,0.0
1463936400.0,23,5,2016,7.4
1464022800.0,24,5,2016,0.0
1464109200.0,25,5,2016,53.2
1464195600.0,26,5,2016,0.8
1464282000.0,27,5,2016,0.0
1464368400.0,28,5,2016,0.0
1464454800.0,29,5,2016,0.0
1464541200.0,30,5,2016,0.0
1464627600.0,31,5,2016,0.0
1464714000.0,1,6,2016,0.0
1464800400.0,2,6,2016,0.0
1464886800.0,3,6,2016,0.0
1464973200.0,4,6,2016,0.4
1465059600.0,5,6,2016,0.0
1465146000.0,6,6,2016,0.8
1465232400.0,7,6,2016,4.4
1465318800.0,8,6,2016,0.0
1465405200.0,9,6,2016,0.0
1465491600.0,10,6,2016,0.0
1465578000.0,11,6,2016,1.0
1465664400.0,12,6,2016,0.0
1465750800.0,13,6,2016,0.0
1465837200.0,14,6,2016,0.0
1465923600.0,15,6,2016,0.0
1466010000.0,16,6,2016,0.0
1466096400.0,17,6,2016,0.0
1466182800.0,18,6,2016,0.0
1466269200.0,19,6,2016,0.0
1466355600.0,20,6,2016,0.0
1466442000.0,21,6,2016,0.0
1466528400.0,22,6,2016,0.0
1466614800.0,23,6,2016,0.0
1466701200.0,24,6,2016,0.0
1466787600.0,25,6,2016,6.2
1466874000.0,26,6,2016,13.4
1466960400.0,27,6,2016,21.8
1467046800.0,28,6,2016,1.2
1467133200.0,29,6,2016,0.0
1467219600.0,30,6,2016,0.0
1467306000.0,1,7,2016,0.0
1467392400.0,2,7,2016,0.0
1467478800.0,3,7,2016,0.0
1467565200.0,4,7,2016,6.8
1467651600.0,5,7,2016,3.2
1467738000.0,6,7,2016,0.0
1467824400.0,7,7,2016,0.0
1467910800.0,8,7,2016,0.0
1467997200.0,9,7,2016,0.0
1468083600.0,10,7,2016,0.0
1468170000.0,11,7,2016,14.0
1468256400.0,12,7,2016,12.6
1468342800.0,13,7,2016,0.0
1468429200.0,14,7,2016,0.0
1468515600.0,15,7,2016,0.0
1468602000.0,16,7,2016,0.0
1468688400.0,17,7,2016,0.0
1468774800.0,18,7,2016,0.0
1468861200.0,19,7,2016,0.0
1468947600.0,20,7,2016,0.0
1469034000.0,21,7,2016,0.0
1469120400.0,22,7,2016,0.0
1469206800.0,23,7,2016,0.0
1469293200.0,24,7,2016,0.0
1469379600.0,25,7,2016,0.0
1469466000.0,26,7,2016,24.4
1469552400.0,27,7,2016,0.0
1469638800.0,28,7,2016,0.0
1469725200.0,29,7,2016,0.0
1469811600.0,30,7,2016,0.0
1469898000.0,31,7,2016,0.0
1469984400.0,1,8,2016,0.2
1470070800.0,2,8,2016,0.0
1470157200.0,3,8,2016,0.0
1470243600.0,4,8,2016,0.0
1470330000.0,5,8,2016,0.6
1470416400.0,6,8,2016,0.0
1470502800.0,7,8,2016,0.6
1470589200.0,8,8,2016,0.0
1470675600.0,9,8,2016,0.0
1470762000.0,10,8,2016,0.0
1470848400.0,11,8,2016,12.8
1470934800.0,12,8,2016,0.0
1471021200.0,13,8,2016,0.0
1471107600.0,14,8,2016,0.2
1471194000.0,15,8,2016,0.0
1471280400.0,16,8,2016,0.0
1471366800.0,17,8,2016,0.0
1471453200.0,18,8,2016,0.8
1471539600.0,19,8,2016,0.0
1471626000.0,20,8,2016,0.0
1471712400.0,21,8,2016,11.8
1471798800.0,22,8,2016,35.2
1471885200.0,23,8,2016,27.4
1471971600.0,24,8,2016,17.8
1472058000.0,25,8,2016,0.0
1472144400.0,26,8,2016,17.0
1472230800.0,27,8,2016,16.4
1472317200.0,28,8,2016,0.2
1472403600.0,29,8,2016,27.8
1472490000.0,30,8,2016,0.2
1472576400.0,31,8,2016,0.0
1472662800.0,1,9,2016,0.6
1472749200.0,2,9,2016,0.0
1472835600.0,3,9,2016,0.0
1472922000.0,4,9,2016,28.8
1473008400.0,5,9,2016,2.0
1473094800.0,6,9,2016,25.8
1473181200.0,7,9,2016,46.4
1473267600.0,8,9,2016,12.4
1473354000.0,9,9,2016,9.4
1473440400.0,10,9,2016,0.0
1473526800.0,11,9,2016,9.8
1473613200.0,12,9,2016,252.2
1473699600.0,13,9,2016,204.0
1473786000.0,14,9,2016,1.4
1473872400.0,15,9,2016,0.6
1473958800.0,16,9,2016,0.0
1474045200.0,17,9,2016,0.0
1474131600.0,18,9,2016,0.0
1474218000.0,19,9,2016,33.4
1474304400.0,20,9,2016,99.4
1474390800.0,21,9,2016,29.4
1474477200.0,22,9,2016,30.6
1474563600.0,23,9,2016,18.0
1474650000.0,24,9,2016,11.2
1474736400.0,25,9,2016,0.2
1474822800.0,26,9,2016,8.8
1474909200.0,27,9,2016,0.0
1474995600.0,28,9,2016,0.0
1475082000.0,29,9,2016,0.0
1475168400.0,30,9,2016,0.6
1475254800.0,1,10,2016,5.0
1475341200.0,2,10,2016,0.0
1475427600.0,3,10,2016,0.4
1475514000.0,4,10,2016,0.0
1475600400.0,5,10,2016,0.0
1475686800.0,6,10,2016,1.8
1475773200.0,7,10,2016,14.2
1475859600.0,8,10,2016,0.0
1475946000.0,9,10,2016,0.0
1476032400.0,10,10,2016,2.6
1476118800.0,11,10,2016,47.8
1476205200.0,12,10,2016,13.2
1476291600.0,13,10,2016,42.2
1476378000.0,14,10,2016,3.6
1476464400.0,15,10,2016,16.4
1476550800.0,16,10,2016,61.2
1476637200.0,17,10,2016,0.2
1476723600.0,18,10,2016,0.0
1476810000.0,19,10,2016,0.0
1476896400.0,20,10,2016,0.0
1476982800.0,21,10,2016,0.0
1477069200.0,22,10,2016,0.0
1477155600.0,23,10,2016,0.0
1477242000.0,24,10,2016,0.0
1477328400.0,25,10,2016,8.8
1477414800.0,26,10,2016,115.8
1477501200.0,27,10,2016,7.2
1477587600.0,28,10,2016,0.0
1477674000.0,29,10,2016,2.6
1477760400.0,30,10,2016,49.4
1477846800.0,31,10,2016,55.4
1477933200.0,1,11,2016,72.4
1478019600.0,2,11,2016,28.0
1478106000.0,3,11,2016,4.4
1478192400.0,4,11,2016,0.2
1478278800.0,5,11,2016,1.8
1478365200.0,6,11,2016,15.6
1478451600.0,7,11,2016,18.2
1478538000.0,8,11,2016,29.4
1478624400.0,9,11,2016,0.0
1478710800.0,10,11,2016,0.2
1478797200.0,11,11,2016,16.6
1478883600.0,12,11,2016,0.2
1478970000.0,13,11,2016,0.0
1479056400.0,14,11,2016,0.0
1479142800.0,15,11,2016,0.0
1479229200.0,16,11,2016,1.4
1479315600.0,17,11,2016,31.4
1479402000.0,18,11,2016,18.4
1479488400.0,19,11,2016,4.6
1479574800.0,20,11,2016,21.8
1479661200.0,21,11,2016,0.2
1479747600.0,22,11,2016,0.0
1479834000.0,23,11,2016,9.0
1479920400.0,24,11,2016,4.6
1480006800.0,25,11,2016,19.0
1480093200.0,26,11,2016,22.8
1480179600.0,27,11,2016,0.0
1480266000.0,28,11,2016,0.0
1480352400.0,29,11,2016,8.4
1480438800.0,30,11,2016,42.2
1480525200.0,1,12,2016,21.4
1480611600.0,2,12,2016,53.4
1480698000.0,3,12,2016,74.6
1480784400.0,4,12,2016,27.2
1480870800.0,5,12,2016,2.4
1480957200.0,6,12,2016,5.8
1481043600.0,7,12,2016,16.6
1481130000.0,8,12,2016,4.6
1481216400.0,9,12,2016,0.0
1481302800.0,10,12,2016,0.0
1481389200.0,11,12,2016,47.6
1481475600.0,12,12,2016,30.0
1481562000.0,13,12,2016,56.4
1481648400.0,14,12,2016,51.4
1481734800.0,15,12,2016,71.2
1481821200.0,16,12,2016,39.0
1481907600.0,17,12,2016,4.2
1481994000.0,18,12,2016,12.8
1482080400.0,19,12,2016,2.6
1482166800.0,20,12,2016,1.2
1482253200.0,21,12,2016,0.2
1482339600.0,22,12,2016,43.2
1482426000.0,23,12,2016,9.8
1482512400.0,24,12,2016,54.2
1482598800.0,25,12,2016,0.0
1482685200.0,26,12,2016,1.4
1482771600.0,27,12,2016,61.2
1482858000.0,28,12,2016,0.0
1482944400.0,29,12,2016,1.6
1483030800.0,30,12,2016,3.0
1483117200.0,31,12,2016,126.2
1483203600.0,1,1,2017,16.6
1483290000.0,2,1,2017,14.4
1483376400.0,3,1,2017,1.4
1483462800.0,4,1,2017,11.6
1483549200.0,5,1,2017,6.2
1483635600.0,6,1,2017,3.0
1483722000.0,7,1,2017,0.0
1483808400.0,8,1,2017,1.6
1483894800.0,9,1,2017,4.0
1483981200.0,10,1,2017,16.8
1484067600.0,11,1,2017,1.0
1484154000.0,12,1,2017,0.0
1484240400.0,13,1,2017,0.0
1484326800.0,14,1,2017,2.4
1484413200.0,15,1,2017,3.2
1484499600.0,16,1,2017,3.8
1484586000.0,17,1,2017,0.0
1484672400.0,18,1,2017,0.0
1484758800.0,19,1,2017,0.0
1484845200.0,20,1,2017,1.0
1484931600.0,21,1,2017,0.0
1485018000.0,22,1,2017,0.4
1485104400.0,23,1,2017,14.6
1485190800.0,24,1,2017,13.0
1485277200.0,25,1,2017,24.4
1485363600.0,26,1,2017,1.4
1485450000.0,27,1,2017,0.2
1485536400.0,28,1,2017,0.0
1485622800.0,29,1,2017,0.0
1485709200.0,30,1,2017,0.0
1485795600.0,31,1,2017,0.0
1485882000.0,1,2,2017,16.4
1485968400.0,2,2,2017,1.6
1486054800.0,3,2,2017,0.8
1486141200.0,4,2,2017,0.0
1486227600.0,5,2,2017,0.0
1486314000.0,6,2,2017,0.0
1486400400.0,7,2,2017,0.0
1486486800.0,8,2,2017,0.0
1486573200.0,9,2,2017,1.6
1486659600.0,10,2,2017,0.8
1486746000.0,11,2,2017,27.6
1486832400.0,12,2,2017,0.0
1486918800.0,13,2,2017,0.0
1487005200.0,14,2,2017,0.0
1487091600.0,15,2,2017,0.0
1487178000.0,16,2,2017,0.2
1487264400.0,17,2,2017,0.0
1487350800.0,18,2,2017,0.0
1487437200.0,19,2,2017,0.0
1487523600.0,20,2,2017,0.0
1487610000.0,21,2,2017,0.0
1487696400.0,22,2,2017,0.0
1487782800.0,23,2,2017,0.0
1487869200.0,24,2,2017,3.6
1487955600.0,25,2,2017,0.0
1488042000.0,26,2,2017,0.0
1488128400.0,27,2,2017,0.0
1488214800.0,28,2,2017,0.0
1488301200.0,1,3,2017,2.6
1488387600.0,2,3,2017,0.2
1488474000.0,3,3,2017,0.0
1488560400.0,4,3,2017,0.0
1488646800.0,5,3,2017,0.0
1488733200.0,6,3,2017,0.0
1488819600.0,7,3,2017,0.0
1488906000.0,8,3,2017,0.0
1488992400.0,9,3,2017,0.0
1489078800.0,10,3,2017,0.0
1489165200.0,11,3,2017,0.0
1489251600.0,12,3,2017,0.0
1489338000.0,13,3,2017,0.0
1489424400.0,14,3,2017,0.0
1489510800.0,15,3,2017,0.0
1489597200.0,16,3,2017,0.2
1489683600.0,17,3,2017,0.0
1489770000.0,18,3,2017,0.0
1489856400.0,19,3,2017,0.0
1489942800.0,20,3,2017,0.0
1490029200.0,21,3,2017,0.0
1490115600.0,22,3,2017,0.0
1490202000.0,23,3,2017,0.0
1490288400.0,24,3,2017,0.0
1490374800.0,25,3,2017,0.0
1490461200.0,26,3,2017,1.8
1490547600.0,27,3,2017,6.6
1490634000.0,28,3,2017,0.0
1490720400.0,29,3,2017,8.0
1490806800.0,30,3,2017,0.0
1490893200.0,31,3,2017,11.2
1490979600.0,1,4,2017,0.0
1491066000.0,2,4,2017,7.4
1491152400.0,3,4,2017,0.8
1491238800.0,4,4,2017,0.0
1491325200.0,5,4,2017,0.0
1491411600.0,6,4,2017,0.0
1491498000.0,7,4,2017,0.0
1491584400.0,8,4,2017,0.0
1491670800.0,9,4,2017,0.0
1491757200.0,10,4,2017,0.0
1491843600.0,11,4,2017,0.0
1491930000.0,12,4,2017,0.0
1492016400.0,13,4,2017,15.0
1492102800.0,14,4,2017,0.0
1492189200.0,15,4,2017,0.0
1492275600.0,16,4,2017,0.0
1492362000.0,17,4,2017,0.0
1492448400.0,18,4,2017,0.0
1492534800.0,19,4,2017,0.0
1492621200.0,20,4,2017,0.0
1492707600.0,21,4,2017,0.0
1492794000.0,22,4,2017,0.0
1492880400.0,23,4,2017,0.0
1492966800.0,24,4,2017,0.8
1493053200.0,25,4,2017,4.8
1493139600.0,26,4,2017,0.0
1493226000.0,27,4,2017,0.0
1493312400.0,28,4,2017,0.0
1493398800.0,29,4,2017,1.4
1493485200.0,30,4,2017,0.0
1493571600.0,1,5,2017,0.0
1493658000.0,2,5,2017,0.0
1493744400.0,3,5,2017,0.0
1493830800.0,4,5,2017,0.0
1493917200.0,5,5,2017,0.0
1494003600.0,6,5,2017,0.0
1494090000.0,7,5,2017,0.0
1494176400.0,8,5,2017,0.0
1494262800.0,9,5,2017,0.4
1494349200.0,10,5,2017,0.0
1494435600.0,11,5,2017,0.4
1494522000.0,12,5,2017,0.0
1494608400.0,13,5,2017,1.4
1494694800.0,14,5,2017,0.0
1494781200.0,15,5,2017,1.2
1494867600.0,16,5,2017,30.2
1494954000.0,17,5,2017,0.2
1495040400.0,18,5,2017,0.0
1495126800.0,19,5,2017,1.8
1495213200.0,20,5,2017,0.8
1495299600.0,21,5,2017,0.0
1495386000.0,22,5,2017,0.0
1495472400.0,23,5,2017,0.0
1495558800.0,24,5,2017,1.0
1495645200.0,25,5,2017,0.0
1495731600.0,26,5,2017,26.8
1495818000.0,27,5,2017,1.6
1495904400.0,28,5,2017,0.0
1495990800.0,29,5,2017,19.6
1496077200.0,30,5,2017,0.0
1496163600.0,31,5,2017,0.0
1496250000.0,1,6,2017,0.0
1496336400.0,2,6,2017,0.0
1496422800.0,3,6,2017,0.0
1496509200.0,4,6,2017,0.0
1496595600.0,5,6,2017,0.0
1496682000.0,6,6,2017,0.0
1496768400.0,7,6,2017,7.4
1496854800.0,8,6,2017,2.6
1496941200.0,9,6,2017,0.2
1497027600.0,10,6,2017,19.8
1497114000.0,11,6,2017,0.0
1497200400.0,12,6,2017,0.2
1497286800.0,13,6,2017,0.0
1497373200.0,14,6,2017,3.0
1497459600.0,15,6,2017,0.0
1497546000.0,16,6,2017,0.0
1497632400.0,17,6,2017,0.0
1497718800.0,18,6,2017,0.0
1497805200.0,19,6,2017,0.0
1497891600.0,20,6,2017,0.0
1497978000.0,21,6,2017,0.0
1498064400.0,22,6,2017,0.0
1498150800.0,23,6,2017,0.0
1498237200.0,24,6,2017,0.0
1498323600.0,25,6,2017,0.0
1498410000.0,26,6,2017,0.0
1498496400.0,27,6,2017,0.0
1498582800.0,28,6,2017,0.0
1498669200.0,29,6,2017,0.0
1498755600.0,30,6,2017,3.2
1498842000.0,1,7,2017,0.4
1498928400.0,2,7,2017,0.0
1499014800.0,3,7,2017,0.0
1499101200.0,4,7,2017,0.0
1499187600.0,5,7,2017,29.0
1499274000.0,6,7,2017,25.6
1499360400.0,7,7,2017,0.0
1499446800.0,8,7,2017,0.2
1499533200.0,9,7,2017,0.0
1499619600.0,10,7,2017,2.4
1499706000.0,11,7,2017,0.0
1499792400.0,12,7,2017,29.4
1499878800.0,13,7,2017,22.8
1499965200.0,14,7,2017,9.8
1500051600.0,15,7,2017,5.0
1500138000.0,16,7,2017,34.6
1500224400.0,17,7,2017,0.0
1500310800.0,18,7,2017,35.8
1500397200.0,19,7,2017,0.0
1500483600.0,20,7,2017,0.0
1500570000.0,21,7,2017,0.6
1500656400.0,22,7,2017,0.0
1500742800.0,23,7,2017,0.2
1500829200.0,24,7,2017,1.2
1500915600.0,25,7,2017,53.2
1501002000.0,26,7,2017,0.8
1501088400.0,27,7,2017,4.4
1501174800.0,28,7,2017,1.0
1501261200.0,29,7,2017,0.0
1501347600.0,30,7,2017,0.0
1501434000.0,31,7,2017,0.0
1501520400.0,1,8,2017,0.0
1501606800.0,2,8,2017,0.0
1501693200.0,3,8,2017,0.0
1501779600.0,4,8,2017,0.0
1501866000.0,5,8,2017,0.0
1501952400.0,6,8,2017,33.2
1502038800.0,7,8,2017,0.0
1502125200.0,8,8,2017,0.0
1502211600.0,9,8,2017,0.0
1502298000.0,10,8,2017,0.0
1502384400.0,11,8,2017,0.0
1502470800.0,12,8,2017,0.0
1502557200.0,13,8,2017,0.0
1502643600.0,14,8,2017,0.0
1502730000.0,15,8,2017,0.0
1502816400.0,16,8,2017,0.0
1502902800.0,17,8,2017,4.2
1502989200.0,18,8,2017,10.4
1503075600.0,19,8,2017,1.0
1503162000.0,20,8,2017,0.0
1503248400.0,21,8,2017,0.0
1503334800.0,22,8,2017,0.0
1503421200.0,23,8,2017,0.0
1503507600.0,24,8,2017,11.6
1503594000.0,25,8,2017,0.4
1503680400.0,26,8,2017,84.4
1503766800.0,27,8,2017,31.2
1503853200.0,28,8,2017,2.2
1503939600.0,29,8,2017,0.2
1504026000.0,30,8,2017,0.0
1504112400.0,31,8,2017,0.0
1504198800.0,1,9,2017,0.0
1504285200.0,2,9,2017,0.0
1504371600.0,3,9,2017,0.0
1504458000.0,4,9,2017,0.0
1504544400.0,5,9,2017,0.0
1504630800.0,6,9,2017,0.0
1504717200.0,7,9,2017,0.0
1504803600.0,8,9,2017,0.0
1504890000.0,9,9,2017,0.0
1504976400.0,10,9,2017,0.0
1505062800.0,11,9,2017,0.0
1505149200.0,12,9,2017,0.0
1505235600.0,13,9,2017,2.8
1505322000.0,14,9,2017,103.8
1505408400.0,15,9,2017,38.2
1505494800.0,16,9,2017,0.0
1505581200.0,17,9,2017,0.0
1505667600.0,18,9,2017,0.0
1505754000.0,19,9,2017,0.0
1505840400.0,20,9,2017,0.0
1505926800.0,21,9,2017,36.6
1506013200.0,22,9,2017,1.8
1506099600.0,23,9,2017,1.8
1506186000.0,24,9,2017,0.0
1506272400.0,25,9,2017,0.0
1506358800.0,26,9,2017,8.8
1506445200.0,27,9,2017,0.0
1506531600.0,28,9,2017,0.0
1506618000.0,29,9,2017,0.2
1506704400.0,30,9,2017,0.0
1506790800.0,1,10,2017,0.6
1506877200.0,2,10,2017,25.8
1506963600.0,3,10,2017,19.4
1507050000.0,4,10,2017,24.2
1507136400.0,5,10,2017,0.2
1507222800.0,6,10,2017,0.8
1507309200.0,7,10,2017,12.8
1507395600.0,8,10,2017,10.0
1507482000.0,9,10,2017,70.0
1507568400.0,10,10,2017,16.0
1507654800.0,11,10,2017,0.8
1507741200.0,12,10,2017,11.4
1507827600.0,13,10,2017,0.8
1507914000.0,14,10,2017,3.0
1508000400.0,15,10,2017,0.0
1508086800.0,16,10,2017,0.0
1508173200.0,17,10,2017,0.6
1508259600.0,18,10,2017,10.0
1508346000.0,19,10,2017,64.6
1508432400.0,20,10,2017,1.4
1508518800.0,21,10,2017,0.0
1508605200.0,22,10,2017,0.0
1508691600.0,23,10,2017,0.2
1508778000.0,24,10,2017,12.6
1508864400.0,25,10,2017,1.8
1508950800.0,26,10,2017,0.0
1509037200.0,27,10,2017,0.8
1509123600.0,28,10,2017,0.2
1509210000.0,29,10,2017,0.8
1509296400.0,30,10,2017,30.2
1509382800.0,31,10,2017,70.8
1509469200.0,1,11,2017,11.2
1509555600.0,2,11,2017,0.6
1509642000.0,3,11,2017,10.0
1509728400.0,4,11,2017,160.2
1509814800.0,5,11,2017,156.2
1509901200.0,6,11,2017,78.6
1509987600.0,7,11,2017,21.0
1510074000.0,8,11,2017,60.6
1510160400.0,9,11,2017,5.4
1510246800.0,10,11,2017,3.6
1510333200.0,11,11,2017,9.8
1510419600.0,12,11,2017,0.0
1510506000.0,13,11,2017,0.0
1510592400.0,14,11,2017,0.0
1510678800.0,15,11,2017,42.4
1510765200.0,16,11,2017,1.4
1510851600.0,17,11,2017,0.0
1510938000.0,18,11,2017,0.0
1511024400.0,19,11,2017,25.8
1511110800.0,20,11,2017,20.4
1511197200.0,21,11,2017,110.6
1511283600.0,22,11,2017,47.2
1511370000.0,23,11,2017,24.2
1511456400.0,24,11,2017,4.2
1511542800.0,25,11,2017,4.6
1511629200.0,26,11,2017,6.0
1511715600.0,27,11,2017,0.0
1511802000.0,28,11,2017,10.8
1511888400.0,29,11,2017,7.6
1511974800.0,30,11,2017,1.0
1512061200.0,1,12,2017,4.0
1512147600.0,2,12,2017,30.4
1512234000.0,3,12,2017,7.0
1512320400.0,4,12,2017,4.4
1512406800.0,5,12,2017,8.0
1512493200.0,6,12,2017,0.0
1512579600.0,7,12,2017,2.0
1512666000.0,8,12,2017,7.6
1512752400.0,9,12,2017,0.6
1512838800.0,10,12,2017,0.0
1512925200.0,11,12,2017,1.8
1513011600.0,12,12,2017,0.0
1513098000.0,13,12,2017,0.0
1513184400.0,14,12,2017,0.0
1513270800.0,15,12,2017,0.6
1513357200.0,16,12,2017,5.2
1513443600.0,17,12,2017,45.6
1513530000.0,18,12,2017,4.6
1513616400.0,19,12,2017,4.0
1513702800.0,20,12,2017,0.0
1513789200.0,21,12,2017,0.8
1513875600.0,22,12,2017,0.0
1513962000.0,23,12,2017,1.2
1514048400.0,24,12,2017,1.4
1514134800.0,25,12,2017,1.2
1514221200.0,26,12,2017,31.0
1514307600.0,27,12,2017,10.4
1514394000.0,28,12,2017,0.4
1514480400.0,29,12,2017,3.0
1514566800.0,30,12,2017,1.0
1514653200.0,31,12,2017,3.2
1514739600.0,1,1,2018,4.0
1514826000.0,2,1,2018,1.4
1514912400.0,3,1,2018,7.4
1514998800.0,4,1,2018,1.6
1515085200.0,5,1,2018,1.4
1515171600.0,6,1,2018,0.2
1515258000.0,7,1,2018,0.0
1515344400.0,8,1,2018,0.0
1515430800.0,9,1,2018,0.0
1515517200.0,10,1,2018,0.0
1515603600.0,11,1,2018,0.0
1515690000.0,12,1,2018,2.0
1515776400.0,13,1,2018,1.4
1515862800.0,14,1,2018,0.0
1515949200.0,15,1,2018,0.0
1516035600.0,16,1,2018,0.0
1516122000.0,17,1,2018,0.0
1516208400.0,18,1,2018,0.0
1516294800.0,19,1,2018,0.0
1516381200.0,20,1,2018,1.8
1516467600.0,21,1,2018,0.0
1516554000.0,22,1,2018,0.0
1516640400.0,23,1,2018,0.0
1516726800.0,24,1,2018,3.2
1516813200.0,25,1,2018,1.2
1516899600.0,26,1,2018,0.2
1516986000.0,27,1,2018,0.8
1517072400.0,28,1,2018,0.0
1517158800.0,29,1,2018,3.6
1517245200.0,30,1,2018,0.0
1517331600.0,31,1,2018,0.0
1517418000.0,1,2,2018,0.2
1517504400.0,2,2,2018,0.0
1517590800.0,3,2,2018,0.0
1517677200.0,4,2,2018,0.0
1517763600.0,5,2,2018,0.0
1517850000.0,6,2,2018,0.0
1517936400.0,7,2,2018,0.0
1518022800.0,8,2,2018,0.0
1518109200.0,9,2,2018,0.0
1518195600.0,10,2,2018,0.0
1518282000.0,11,2,2018,6.6
1518368400.0,12,2,2018,4.4
1518454800.0,13,2,2018,2.6
1518541200.0,14,2,2018,0.0
1518627600.0,15,2,2018,0.2
1518714000.0,16,2,2018,0.0
1518800400.0,17,2,2018,0.0
1518886800.0,18,2,2018,0.0
1518973200.0,19,2,2018,0.0
1519059600.0,20,2,2018,0.0
1519146000.0,21,2,2018,0.0
1519232400.0,22,2,2018,0.0
1519318800.0,23,2,2018,0.2
1519405200.0,24,2,2018,0.0
1519491600.0,25,2,2018,0.0
1519578000.0,26,2,2018,0.0
1519664400.0,27,2,2018,0.2
1519750800.0,28,2,2018,0.0
1519837200.0,1,3,2018,1.8
1519923600.0,2,3,2018,0.0
1520010000.0,3,3,2018,0.0
1520096400.0,4,3,2018,0.0
1520182800.0,5,3,2018,0.0
1520269200.0,6,3,2018,0.0
1520355600.0,7,3,2018,0.0
1520442000.0,8,3,2018,0.0
1520528400.0,9,3,2018,0.0
1520614800.0,10,3,2018,0.6
1520701200.0,11,3,2018,1.8
1520787600.0,12,3,2018,1.2
1520874000.0,13,3,2018,0.0
1520960400.0,14,3,2018,2.0
1521046800.0,15,3,2018,21.8
1521133200.0,16,3,2018,0.2
1521219600.0,17,3,2018,0.0
1521306000.0,18,3,2018,0.0
1521392400.0,19,3,2018,0.0
1521478800.0,20,3,2018,4.4
1521565200.0,21,3,2018,0.2
1521651600.0,22,3,2018,0.0
1521738000.0,23,3,2018,0.0
1521824400.0,24,3,2018,0.0
1521910800.0,25,3,2018,0.0
1521997200.0,26,3,2018,0.0
1522083600.0,27,3,2018,0.0
1522170000.0,28,3,2018,0.0
1522256400.0,29,3,2018,0.0
1522342800.0,30,3,2018,0.0
1522429200.0,31,3,2018,0.0
1522515600.0,1,4,2018,0.2
1522602000.0,2,4,2018,0.0
1522688400.0,3,4,2018,0.0
1522774800.0,4,4,2018,0.0
1522861200.0,5,4,2018,0.0
1522947600.0,6,4,2018,0.0
1523034000.0,7,4,2018,75.8
1523120400.0,8,4,2018,26.0
1523206800.0,9,4,2018,0.0
1523293200.0,10,4,2018,0.0
1523379600.0,11,4,2018,0.0
1523466000.0,12,4,2018,0.0
1523552400.0,13,4,2018,0.0
1523638800.0,14,4,2018,0.0
1523725200.0,15,4,2018,0.0
1523811600.0,16,4,2018,0.0
1523898000.0,17,4,2018,0.0
1523984400.0,18,4,2018,0.2
1524070800.0,19,4,2018,0.0
1524157200.0,20,4,2018,0.0
1524243600.0,21,4,2018,0.0
1524330000.0,22,4,2018,0.0
1524416400.0,23,4,2018,0.0
1524502800.0,24,4,2018,0.0
1524589200.0,25,4,2018,0.0
1524675600.0,26,4,2018,6.4
1524762000.0,27,4,2018,0.0
1524848400.0,28,4,2018,0.0
1524934800.0,29,4,2018,0.0
1525021200.0,30,4,2018,46.8
1525107600.0,1,5,2018,0.0
1525194000.0,2,5,2018,0.0
1525280400.0,3,5,2018,0.0
1525366800.0,4,5,2018,0.0
1525453200.0,5,5,2018,0.0
1525539600.0,6,5,2018,5.6
1525626000.0,7,5,2018,0.0
1525712400.0,8,5,2018,0.0
1525798800.0,9,5,2018,0.0
1525885200.0,10,5,2018,0.0
1525971600.0,11,5,2018,0.0
1526058000.0,12,5,2018,0.0
1526144400.0,13,5,2018,0.0
1526230800.0,14,5,2018,0.0
1526317200.0,15,5,2018,0.0
1526403600.0,16,5,2018,0.0
1526490000.0,17,5,2018,0.0
1526576400.0,18,5,2018,0.0
1526662800.0,19,5,2018,0.0
1526749200.0,20,5,2018,0.0
1526835600.0,21,5,2018,0.0
1526922000.0,22,5,2018,0.0
1527008400.0,23,5,2018,0.0
1527094800.0,24,5,2018,0.0
1527181200.0,25,5,2018,0.0
1527267600.0,26,5,2018,0.0
1527354000.0,27,5,2018,0.0
1527440400.0,28,5,2018,0.0
1527526800.0,29,5,2018,0.0
1527613200.0,30,5,2018,0.0
1527699600.0,31,5,2018,0.0
1527786000.0,1,6,2018,0.2
1527872400.0,2,6,2018,0.2
1527958800.0,3,6,2018,63.6
1528045200.0,4,6,2018,14.8
1528131600.0,5,6,2018,0.0
1528218000.0,6,6,2018,5.2
1528304400.0,7,6,2018,2.6
1528390800.0,8,6,2018,12.4
1528477200.0,9,6,2018,0.0
1528563600.0,10,6,2018,0.0
1528650000.0,11,6,2018,0.0
1528736400.0,12,6,2018,0.0
1528822800.0,13,6,2018,0.0
1528909200.0,14,6,2018,0.0
1528995600.0,15,6,2018,0.0
1529082000.0,16,6,2018,2.6
1529168400.0,17,6,2018,10.2
1529254800.0,18,6,2018,0.0
1529341200.0,19,6,2018,0.0
1529427600.0,20,6,2018,0.0
1529514000.0,21,6,2018,0.0
1529600400.0,22,6,2018,0.0
1529686800.0,23,6,2018,0.0
1529773200.0,24,6,2018,4.0
1529859600.0,25,6,2018,38.4
1529946000.0,26,6,2018,7.4
1530032400.0,27,6,2018,0.0
1530118800.0,28,6,2018,0.0
1530205200.0,29,6,2018,0.0
1530291600.0,30,6,2018,0.2
1530378000.0,1,7,2018,0.0
1530464400.0,2,7,2018,0.0
1530550800.0,3,7,2018,0.0
1530637200.0,4,7,2018,0.0
1530723600.0,5,7,2018,0.0
1530810000.0,6,7,2018,2.6
1530896400.0,7,7,2018,0.0
1530982800.0,8,7,2018,15.2
1531069200.0,9,7,2018,0.8
1531155600.0,10,7,2018,15.4
1531242000.0,11,7,2018,5.0
1531328400.0,12,7,2018,0.0
1531414800.0,13,7,2018,0.0
1531501200.0,14,7,2018,0.0
1531587600.0,15,7,2018,0.0
1531674000.0,16,7,2018,0.0
1531760400.0,17,7,2018,0.0
1531846800.0,18,7,2018,0.0
1531933200.0,19,7,2018,0.0
1532019600.0,20,7,2018,0.0
1532106000.0,21,7,2018,0.0
1532192400.0,22,7,2018,0.0
1532278800.0,23,7,2018,0.0
1532365200.0,24,7,2018,0.0
1532451600.0,25,7,2018,0.0
1532538000.0,26,7,2018,155.4
1532624400.0,27,7,2018,0.6
1532710800.0,28,7,2018,1.2
1532797200.0,29,7,2018,0.0
1532883600.0,30,7,2018,0.0
1532970000.0,31,7,2018,0.0
1533056400.0,1,8,2018,0.0
1533142800.0,2,8,2018,0.0
1533229200.0,3,8,2018,0.0
1533315600.0,4,8,2018,0.0
1533402000.0,5,8,2018,0.0
1533488400.0,6,8,2018,0.0
1533574800.0,7,8,2018,0.0
1533661200.0,8,8,2018,0.0
1533747600.0,9,8,2018,13.6
1533834000.0,10,8,2018,0.0
1533920400.0,11,8,2018,0.0
1534006800.0,12,8,2018,0.0
1534093200.0,13,8,2018,0.0
1534179600.0,14,8,2018,2.0
1534266000.0,15,8,2018,0.0
1534352400.0,16,8,2018,0.0
1534438800.0,17,8,2018,0.0
1534525200.0,18,8,2018,32.8
1534611600.0,19,8,2018,0.2
1534698000.0,20,8,2018,0.2
1534784400.0,21,8,2018,5.6
1534870800.0,22,8,2018,0.8
1534957200.0,23,8,2018,1.0
1535043600.0,24,8,2018,0.8
1535130000.0,25,8,2018,0.0
1535216400.0,26,8,2018,0.2
1535302800.0,27,8,2018,4.8
1535389200.0,28,8,2018,0.6
1535475600.0,29,8,2018,0.0
1535562000.0,30,8,2018,0.2
1535648400.0,31,8,2018,0.0
1535734800.0,1,9,2018,1.0
1535821200.0,2,9,2018,0.0
1535907600.0,3,9,2018,0.0
1535994000.0,4,9,2018,16.2
1536080400.0,5,9,2018,0.0
1536166800.0,6,9,2018,0.0
1536253200.0,7,9,2018,0.0
1536339600.0,8,9,2018,0.0
1536426000.0,9,9,2018,0.0
1536512400.0,10,9,2018,0.2
1536598800.0,11,9,2018,0.0
1536685200.0,12,9,2018,41.0
1536771600.0,13,9,2018,18.8
1536858000.0,14,9,2018,4.8
1536944400.0,15,9,2018,39.0
1537030800.0,16,9,2018,0.0
1537117200.0,17,9,2018,1.0
1537203600.0,18,9,2018,0.2
1537290000.0,19,9,2018,5.8
1537376400.0,20,9,2018,8.8
1537462800.0,21,9,2018,6.4
1537549200.0,22,9,2018,0.0
1537635600.0,23,9,2018,3.0
1537722000.0,24,9,2018,0.0
1537808400.0,25,9,2018,0.0
1537894800.0,26,9,2018,0.0
1537981200.0,27,9,2018,0.0
1538067600.0,28,9,2018,0.0
1538154000.0,29,9,2018,0.0
1538240400.0,30,9,2018,3.0
1538326800.0,1,10,2018,4.4
1538413200.0,2,10,2018,14.6
1538499600.0,3,10,2018,35.6
1538586000.0,4,10,2018,10.4
1538672400.0,5,10,2018,0.0
1538758800.0,6,10,2018,0.0
1538845200.0,7,10,2018,0.0
1538931600.0,8,10,2018,0.0
1539018000.0,9,10,2018,0.0
1539104400.0,10,10,2018,9.0
1539190800.0,11,10,2018,39.0
1539277200.0,12,10,2018,20.6
1539363600.0,13,10,2018,53.4
1539450000.0,14,10,2018,20.2
1539536400.0,15,10,2018,0.0
1539622800.0,16,10,2018,0.0
1539709200.0,17,10,2018,0.0
1539795600.0,18,10,2018,0.0
1539882000.0,19,10,2018,13.8
1539968400.0,20,10,2018,1.6
1540054800.0,21,10,2018,0.0
1540141200.0,22,10,2018,37.2
1540227600.0,23,10,2018,0.0
1540314000.0,24,10,2018,0.2
1540400400.0,25,10,2018,9.2
1540486800.0,26,10,2018,0.0
1540573200.0,27,10,2018,0.0
1540659600.0,28,10,2018,16.8
1540746000.0,29,10,2018,0.0
1540832400.0,30,10,2018,0.0
1540918800.0,31,10,2018,0.0
1541005200.0,1,11,2018,0.0
1541091600.0,2,11,2018,0.0
1541178000.0,3,11,2018,0.0
1541264400.0,4,11,2018,0.0
1541350800.0,5,11,2018,0.4
1541437200.0,6,11,2018,13.0
1541523600.0,7,11,2018,7.0
1541610000.0,8,11,2018,3.2
1541696400.0,9,11,2018,18.4
1541782800.0,10,11,2018,5.6
1541869200.0,11,11,2018,0.0
1541955600.0,12,11,2018,1.8
1542042000.0,13,11,2018,0.0
1542128400.0,14,11,2018,0.0
1542214800.0,15,11,2018,0.0
1542301200.0,16,11,2018,0.0
1542387600.0,17,11,2018,0.2
1542474000.0,18,11,2018,14.2
1542560400.0,19,11,2018,0.0
1542646800.0,20,11,2018,0.0
1542733200.0,21,11,2018,0.0
1542819600.0,22,11,2018,0.4
1542906000.0,23,11,2018,6.4
1542992400.0,24,11,2018,2.6
1543078800.0,25,11,2018,25.2
1543165200.0,26,11,2018,27.0
1543251600.0,27,11,2018,2.2
1543338000.0,28,11,2018,52.2
1543424400.0,29,11,2018,20.0
1543510800.0,30,11,2018,85.0
1543597200.0,1,12,2018,29.4
1543683600.0,2,12,2018,0.0
1543770000.0,3,12,2018,0.0
1543856400.0,4,12,2018,9.6
1543942800.0,5,12,2018,0.2
1544029200.0,6,12,2018,0.0
1544115600.0,7,12,2018,15.2
1544202000.0,8,12,2018,3.8
1544288400.0,9,12,2018,763.0
1544374800.0,10,12,2018,207.8
1544461200.0,11,12,2018,43.0
1544547600.0,12,12,2018,0.8
1544634000.0,13,12,2018,12.8
1544720400.0,14,12,2018,49.4
1544806800.0,15,12,2018,80.2
1544893200.0,16,12,2018,42.2
1544979600.0,17,12,2018,31.0
1545066000.0,18,12,2018,0.0
1545152400.0,19,12,2018,0.0
1545238800.0,20,12,2018,0.0
1545325200.0,21,12,2018,0.0
1545411600.0,22,12,2018,0.0
1545498000.0,23,12,2018,0.0
1545584400.0,24,12,2018,1.2
1545670800.0,25,12,2018,2.0
1545757200.0,26,12,2018,1.6
1545843600.0,27,12,2018,6.6
1545930000.0,28,12,2018,1.0
1546016400.0,29,12,2018,6.6
1546102800.0,30,12,2018,4.4
1546189200.0,31,12,2018,5.2
